Country (values listed in millions of 1990 International Geary-Khamis dollars),1,1000,1500,1600,1700,1820,1821,1822,1823,1824,1825,1826,1827,1828,1829,1830,1831,1832,1833,1834,1835,1836,1837,1838,1839,1840,1841,1842,1843,1844,1845,1846,1847,1848,1849,1850,1851,1852,1853,1854,1855,1856,1857,1858,1859,1860,1861,1862,1863,1864,1865,1866,1867,1868,1869,1870,1871,1872,1873,1874,1875,1876,1877,1878,1879,1880,1881,1882,1883,1884,1885,1886,1887,1888,1889,1890,1891,1892,1893,1894,1895,1896,1897,1898,1899,1900,1901,1902,1903,1904,1905,1906,1907,1908,1909,1910,1911,1912,1913,1914,1915,1916,1917,1918,1919,1920,1921,1922,1923,1924,1925,1926,1927,1928,1929,1930,1931,1932,1933,1934,1935,1936,1937,1938,1939,1940,1941,1942,1943,1944,1945,1946,1947,1948,1949,1950,1951,1952,1953,1954,1955,1956,1957,1958,1959,1960,1961,1962,1963,1964,1965,1966,1967,1968,1969,1970,1971,1972,1973,1974,1975,1976,1977,1978,1979,1980,1981,1982,1983,1984,1985,1986,1987,1988,1989,1990,1991,1992,1993,1994,1995,1996,1997,1998,1999,2000,2001,2002,2003,2004,2005,2006,2007,2008
Austria ,425,425,707,837,993,1218,,,,,,,,,,1399,,,,,,,,,,1515,,,,,,,,,,1650,,,,,,,,,,1778,,,,,,,,,,1863,1979,1976,1913,1981,1973,2000,2050,2100,2068,2079,2145,2140,2209,2248,2215,2268,2404,2379,2337,2443,2506,2535,2525,2645,2688,2701,2730,2855,2886,2882,2864,2945,2941,2956,3090,3176,3338,3320,3276,3290,3365,3505,3465,2876,2653,2628,2586,2555,2259,2412,2650,2877,2842,3163,3367,3413,3505,3657,3699,3586,3288,2940,2833,2852,2907,2995,3156,3559,4096,3959,4217,3983,4065,4152,1725,1956,2166,2764,3293,3706,3959,3967,4137,4555,5053,5397,5716,5907,6051,6519,6827,6950,7186,7567,7734,8112,8297,8621,9131,9747,10200,10771,11235,11658,11646,12201,12767,12731,13448,13759,13718,13961,14394,14439,14752,15081,15313,15754,16360,16895,17289,17481,17377,17753,18048,18490,18809,19463,20065,20691,20813,20956,21165,21627,22141,22893,23674,24131
Belgium ,450,425,875,976,1144,1319,,,,,,,,,,1354,,,,,,,,,,,,,,,,1694,1762,1754,1790,1847,1886,1924,1962,2070,2071,2170,2211,2212,2197,2293,2310,2354,2404,2466,2448,2503,2497,2569,2663,2692,2682,2824,2820,2890,2861,2875,2884,2942,2945,3065,3070,3136,3145,3136,3138,3153,3250,3247,3379,3428,3395,3442,3455,3468,3512,3551,3586,3615,3656,3731,3719,3739,3772,3821,3882,3917,3932,3933,3971,4064,4148,4206,4220,3923,3858,4080,3519,2861,3389,3962,4056,4413,4533,4638,4666,4784,4923,5139,5054,4979,4860,4607,4681,4624,4894,4913,4961,4832,5150,4562,4358,3997,3907,4112,4333,4574,4800,5024,5193,5462,5747,5668,5818,6029,6280,6422,6495,6442,6608,6952,7253,7583,7862,8341,8559,8776,9072,9416,10018,10611,10970,11503,12170,12643,12441,13122,13190,13554,13861,14467,14279,14474,14474,14833,14977,15195,15541,16252,16744,17197,17451,17645,17406,17902,18270,18439,19015,19339,19964,20656,20761,21033,21206,21802,22247,22882,23447,23655
Denmark ,400,400,738,875,1039,1274,1320,1327,1308,1328,1322,1324,1349,1357,1324,1330,1318,1354,1336,1397,1377,1367,1392,1390,1395,1428,1414,1407,1476,1527,1551,1569,1547,1612,1691,1767,1662,1702,1692,1681,1843,1716,1722,1688,1778,1741,1747,1779,1869,1833,1875,1859,1840,1853,1940,2003,1993,2087,2057,2096,2112,2130,2046,2102,2149,2181,2183,2240,2299,2285,2274,2336,2395,2389,2400,2523,2555,2598,2629,2657,2770,2836,2863,2870,2952,3017,3104,3141,3290,3326,3346,3402,3486,3552,3643,3705,3857,3812,3912,4110,3778,3891,3617,3459,3860,3992,3826,4166,4559,4528,4378,4598,4658,4785,5075,5341,5359,5169,5291,5402,5480,5575,5668,5762,5993,5116,4574,4629,5080,5543,5066,5777,6035,6133,6494,6943,6936,6955,7292,7371,7395,7439,7965,8095,8637,8812,9312,9747,9732,10560,10953,11160,11437,11837,12531,12686,12934,13538,13945,13751,13621,14466,14655,14826,15313,15227,15096,15563,15966,16676,17384,17993,18023,18224,18261,18452,18644,18949,18870,19847,20350,20810,21388,21771,22255,22975,23059,23083,23089,23493,23973,24680,24995,24621
Finland ,400,400,453,538,638,781,,,,,,,,,,,,,,,,,,,,,,,,,,,,,,911,,,,,,,,,,959,958,896,958,969,951,958,886,1003,1101,1140,1127,1145,1193,1204,1211,1259,1211,1173,1167,1155,1110,1203,1230,1219,1231,1276,1276,1302,1327,1381,1350,1280,1341,1399,1492,1570,1624,1668,1607,1668,1636,1591,1686,1731,1742,1794,1834,1829,1884,1906,1939,2022,2111,2001,1882,1893,1581,1370,1658,1846,1884,2058,2187,2224,2328,2392,2557,2707,2717,2666,2581,2550,2702,2988,3093,3279,3441,3589,3408,3220,3322,3327,3697,3685,3450,3683,3717,3957,4143,4253,4571,4674,4652,5002,5197,5295,5490,5474,5754,6230,6658,6819,6994,7307,7670,7824,7947,8093,8878,9577,9765,10448,11085,11361,11441,11358,11355,11559,12332,12949,13134,13485,13767,14107,14522,14819,15382,16088,16946,16866,15703,15023,14767,15284,15753,16300,17262,18193,18856,19770,20246,20522,20846,21574,22141,23190,24132,24344
France,473,425,727,841,910,1135,1225,1176,1213,1246,1191,1223,1197,1190,1221,1191,1208,1312,1288,1290,1333,1311,1329,1387,1336,1428,1456,1418,1487,1533,1480,1478,1635,1529,1572,1597,1568,1664,1578,1648,1617,1686,1779,1900,1774,1892,1769,1914,1973,1988,1924,1934,1813,1982,2006,1876,1899,2078,1922,2157,2219,2028,2127,2091,1953,2120,2194,2288,2288,2253,2207,2237,2249,2269,2322,2376,2432,2493,2535,2626,2569,2685,2639,2760,2911,2876,2826,2775,2831,2847,2894,2943,3070,3045,3167,2965,3250,3514,3485,3236,3248,3463,2979,2396,2811,3227,3075,3610,3754,4179,4166,4249,4154,4431,4710,4532,4235,3959,4239,4192,4086,4244,4487,4466,4793,4042,3309,2981,2860,2422,2573,3855,4138,4393,4946,5186,5461,5564,5684,5915,6199,6448,6762,6855,6979,7398,7718,8067,8363,8819,9165,9544,9907,10267,10886,11410,11845,12264,12824,13113,12957,13466,13913,14240,14634,14766,14840,15132,15245,15382,15530,15833,16158,16790,17300,17647,17755,17994,17723,18008,18349,18467,18825,19213,19754,20422,20684,20778,20891,21262,21536,21920,22287,22223
Germany ,408,410,688,791,910,1077,,,,,,,,,,1328,,,,,,,,,,,,,,,,,,,,1428,1408,1426,1413,1443,1420,1531,1594,1574,1565,1639,1583,1645,1749,1780,1770,1771,1766,1861,1860,1839,1817,1931,1999,2124,2112,2071,2033,2103,2029,1991,2025,2044,2143,2178,2216,2211,2275,2341,2379,2428,2397,2469,2565,2598,2686,2740,2775,2848,2905,2985,2871,2893,3008,3083,3104,3152,3245,3254,3275,3348,3408,3524,3648,3059,2899,2935,2952,2983,2586,2796,3078,3331,2750,3199,3532,3605,3941,4090,4051,3973,3652,3362,3556,3858,4120,4451,4685,4994,5406,5403,5711,5740,5890,6084,4514,2217,2436,2834,3282,3881,4206,4553,4905,5247,5797,6177,6492,6737,7177,7705,7952,8222,8386,8822,9186,9388,9397,9864,10440,10839,11077,11481,11966,12063,12041,12684,13072,13455,13993,14114,14149,14040,14329,14783,15140,15469,15701,16160,16558,15929,16650,16891,16645,17028,17299,17420,17709,18029,18380,18944,19157,19140,19088,19284,19417,20041,20547,20801
Italy ,809,450,1100,1100,1100,1117,,,,,,,,,,,,,,,,,,,,,,,,,,,,,,1350,,,,,,,,,,,1447,1482,1442,1474,1499,1559,1421,1479,1486,1499,1506,1475,1524,1513,1550,1506,1493,1506,1514,1581,1467,1584,1568,1566,1584,1643,1678,1662,1579,1667,1651,1548,1609,1576,1592,1627,1545,1672,1700,1785,1890,1821,1893,1896,1984,2042,2254,2288,2444,2332,2461,2465,2564,2543,2810,3139,3301,3392,2845,2587,2528,2631,2763,2765,2921,2926,2838,3016,3093,2918,2877,2948,2906,2894,3148,3130,3319,3316,3521,3505,3432,3369,3039,2463,1922,2502,2920,3063,3265,3502,3738,3997,4260,4449,4676,4859,5118,5360,5653,5916,6373,6827,7262,7487,7598,7942,8454,9105,9566,9719,9839,10060,10634,11046,10742,11385,11668,12064,12720,13149,13200,13252,13391,13719,14096,14496,14946,15523,15969,16313,16539,16637,16436,16754,17215,17376,17693,17834,18160,18774,19069,19107,19090,19300,19420,19798,20110,19909
Netherlands ,425,425,761,1381,2130,1838,1885,1874,1931,1969,1938,1928,2001,2079,2104,2013,1997,2116,2140,2124,2131,2165,2223,2262,2273,2283,2305,2289,2241,2231,2234,2228,2237,2261,2314,2371,2410,2413,2373,2421,2455,2470,2496,2440,2364,2377,2397,2413,2481,2553,2605,2656,2660,2621,2672,2757,2734,2771,2853,2727,2880,2890,2927,2991,2778,3046,3074,3117,3305,3328,3362,3374,3467,3544,3502,3323,3224,3240,3236,3273,3334,3166,3436,3460,3465,3424,3440,3543,3562,3535,3594,3669,3622,3577,3660,3789,3888,3955,4049,3868,3926,3956,3627,3352,4122,4220,4431,4599,4635,4895,5031,5358,5504,5720,5689,5603,5185,5035,4956,4805,4929,5190,5433,5250,5544,4831,4531,4107,3981,2649,2686,4457,5048,5490,5880,5996,6032,6084,6543,6907,7326,7499,7614,7482,7737,8287,8202,8639,8832,9437,9798,9936,10341,10894,11462,11967,12319,12597,13081,13497,13374,13885,14177,14424,14647,14705,14525,14291,14483,14900,15283,15617,15737,16044,16695,17262,17520,17747,17765,18055,18510,18988,19620,20636,21461,22161,22433,22301,22237,22602,22929,23587,24320,24695
Norway ,400,400,610,665,722,801,,,,,,,,,,835,767,778,863,901,881,856,857,858,858,935,951,955,933,949,990,1006,966,912,935,956,1014,1003,1048,1076,1128,1105,1042,1079,1100,1137,1104,1198,1199,1242,1293,1304,1329,1321,1368,1360,1376,1457,1482,1524,1551,1572,1565,1490,1483,1517,1528,1528,1523,1542,1544,1542,1552,1619,1675,1709,1712,1734,1769,1764,1763,1788,1856,1844,1875,1877,1902,1914,1891,1888,1892,1962,2038,2088,2115,2186,2255,2344,2447,2472,2554,2628,2361,2243,2602,2739,2443,2678,2732,2715,2863,2889,2986,3106,3387,3627,3323,3467,3534,3638,3800,4035,4193,4262,4441,4038,4112,3928,3820,3588,3980,4335,4864,5144,5227,5430,5670,5814,5985,6226,6301,6575,6711,6652,6874,7204,7595,7746,7982,8316,8690,8945,9423,9551,9899,10027,10472,10922,11324,11726,12271,12930,13425,13840,14411,15076,15169,15145,15636,16513,17320,17882,18164,18059,18157,18466,19045,19561,19974,20905,21703,22728,23775,24138,24470,25102,25468,25733,25879,26765,27377,27899,28013,28500
Sweden ,400,400,651,700,750,819,854,874,873,899,892,893,831,880,896,870,868,845,887,903,902,913,911,872,899,925,912,876,896,938,959,924,938,968,1008,1019,1007,985,993,1006,1065,1045,1068,1118,1172,1195,1183,1104,1183,1206,1244,1207,1225,1094,1202,1359,1406,1445,1451,1479,1453,1539,1505,1452,1522,1520,1565,1549,1658,1625,1675,1665,1650,1726,1745,1769,1836,1826,1875,1888,1963,2050,2122,2176,2233,2209,2248,2239,2314,2394,2366,2544,2690,2622,2617,2776,2814,2900,3073,3100,3127,3265,3022,2820,2938,3111,2820,3105,3249,3407,3414,3674,3780,3885,4145,4306,4247,4100,4207,4535,4768,4991,5194,5371,5737,5180,5074,5157,5344,5441,5454,5994,6351,6398,6570,6769,6979,6974,7043,7339,7478,7702,7897,8045,8356,8792,9237,9602,10021,10618,11045,11276,11623,12036,12540,13011,13227,13533,14018,14485,14575,14825,14560,14498,14929,15016,14909,15076,15337,15804,16049,16442,16905,17298,17710,17781,17438,16997,16597,17066,17592,17824,18362,19073,19917,20710,20890,21361,21733,22292,22987,23912,24496,24409
Switzerland ,425,410,632,750,890,1090,,,,,,,,,,,,,,,,,,,,,,,,,,,,,,1488,1514,1606,1546,1365,1586,1575,1700,2133,2016,1745,1859,1989,1978,1862,2010,1980,1731,2033,2211,2102,2225,2108,2152,2397,2645,2568,2303,2331,2310,2450,2481,2400,2396,2657,2855,2956,2931,2990,2982,3182,2987,3207,3294,3179,3488,3536,3675,3697,3835,3833,3745,3783,3662,3808,3913,4206,4193,4078,4240,4331,4378,4373,4266,4233,4290,4277,3804,3798,4060,4314,4208,4618,4874,5039,5388,5626,5892,6171,6332,6246,5943,5710,5966,5952,5907,5908,6171,6390,6360,6397,6312,6107,6001,6089,7752,8181,9050,9116,8757,9064,9684,9630,9840,10287,10867,11439,11705,11297,11870,12457,13099,13354,13710,14191,14504,14727,15010,15374,16031,16904,17381,17774,18204,18414,17224,17170,17635,17662,18050,18779,18956,18560,18560,19038,19586,19786,19792,20243,20935,21487,21051,20831,20598,20653,20608,20647,21003,21594,21797,22475,22594,22536,22342,22787,23259,23986,24748,25104
United Kingdom ,400,400,714,974,1250,1706,,,,,,,,,,1749,1811,1774,1774,1828,1906,1957,1912,1996,2069,1990,1930,1869,1886,1981,2067,2185,2213,2272,2334,2330,2451,2480,2555,2602,2571,2730,2757,2742,2790,2830,2884,2880,2881,2935,3001,3023,2968,3037,3031,3190,3332,3319,3365,3386,3434,3430,3425,3403,3353,3477,3568,3643,3643,3622,3574,3600,3713,3849,4024,4009,3975,3846,3811,4029,4118,4249,4264,4428,4567,4492,4450,4525,4440,4428,4520,4631,4679,4449,4511,4611,4709,4762,4921,4927,5288,5384,5421,5459,4870,4548,4439,4637,4760,4921,5144,4936,5315,5357,5503,5441,5138,5148,5277,5608,5799,6035,6218,6266,6262,6856,7482,7639,7744,7405,7056,6745,6604,6746,6956,6939,7123,7091,7346,7619,7868,7929,8017,7966,8240,8645,8857,8865,9149,9568,9752,9885,10049,10410,10552,10767,10941,11294,12025,11859,11847,12115,12384,12828,13167,12931,12747,12955,13404,13720,14165,14742,15393,16110,16414,16430,16157,16133,16463,17137,17561,17997,18527,19023,19516,20353,20590,20946,21461,22096,22518,23107,23642,23742
Total 12 Western Europe ,599,425,797,906,1028,1234,,,,,,,,,,,,,,,,,,,,,,,,,,,,,,1652,,,,,,,,,,,,,,,,,,,,2080,2116,2184,2183,2278,2312,2254,2261,2271,2210,2289,2317,2381,2414,2415,2412,2438,2495,2546,2592,2635,2627,2622,2664,2734,2781,2854,2859,2965,3051,3067,3037,3043,3085,3114,3171,3244,3348,3302,3375,3375,3497,3601,3687,3441,3503,3640,3544,3438,3252,3313,3316,3586,3517,3777,3955,3980,4138,4298,4393,4297,4052,3906,4034,4179,4339,4525,4730,4833,5088,4992,5053,4995,4993,4776,4150,3917,4138,4390,4721,5005,5259,5412,5664,5940,6280,6512,6753,6864,7163,7585,7890,8166,8442,8857,9130,9379,9629,10073,10556,10925,11187,11560,12124,12312,12191,12700,13023,13367,13845,14001,13987,14072,14320,14662,15008,15395,15764,16316,16751,16797,16995,17121,17008,17428,17801,18039,18450,18855,19320,19993,20235,20347,20469,20847,21131,21684,22164,22246
Ireland ,,,526,615,715,877,,,,,,,,,,,,,,,,,,,,,,,,,,,,,,,,,,,,,,,,,,,,,,,,,,1775,,,,,,,,,,,,,,,,,,,,,,,,,,,,,,,,,,,,,,,,,,,2736,,,,,,,,2533,2598,2575,2569,2573,2572,2653,2737,2824,2897,2972,2885,2800,2882,2966,3052,2957,3052,3052,3052,3052,3052,3052,3052,3019,3052,3092,3230,3404,3453,3544,3642,3747,3794,3920,3897,3914,3870,4038,4282,4508,4636,4821,4986,5051,5080,5352,5770,6089,6199,6354,6663,6867,7042,7316,7302,7795,8250,8366,8541,8716,8821,8740,9056,9306,9265,9698,10234,10880,11818,11969,12275,12533,13191,14389,15481,17143,18265,19922,21551,22605,23823,24602,25379,26643,27760,29090,27898
Greece ,550,400,433,483,530,641,,,,,,,,,,,,,,,,,,,,,,,,,,,,,,816,,,,,,,,,,,,,,,,,,,,880,,,,,,,,,,,,,,,,,,,,1178,,,,,,,,,,1351,,,,,,,,,,,,,1592,1502,1143,972,848,1430,1274,1433,1918,1963,1988,2057,2140,2180,2220,2234,2342,2258,2134,2289,2395,2418,2480,2455,2769,2677,2638,2223,1874,1579,1327,1116,938,1386,1763,1798,1869,1915,2062,2053,2309,2358,2514,2706,2859,2963,3040,3146,3393,3499,3841,4141,4509,4749,4951,5266,5766,6211,6624,7400,7655,7350,7722,8105,8255,8695,8904,8971,8896,8879,8866,9067,9316,9440,9375,9784,10111,10015,10204,10201,9982,10136,10321,10543,10902,11248,11617,12111,12626,13093,13725,14319,14705,15339,15925,16362
Portugal ,450,425,606,740,819,923,,,,,,,,,,,,,,,,,,,,,,,,,,,,,,923,991,,,,919,,,,,,883,,,,891,920,941,945,964,975,933,954,988,966,959,932,969,964,959,947,970,992,1008,1034,1052,1100,1114,1118,1088,1128,1099,1087,1101,1079,1117,1125,1182,1214,1249,1302,1269,1266,1273,1279,1233,1231,1249,1219,1208,1228,1242,1257,1250,1258,1228,1234,1212,1150,1173,1229,1290,1430,1473,1401,1446,1419,1648,1470,1610,1571,1631,1643,1732,1784,1669,1523,1757,1747,1749,1615,1747,1708,1806,1893,1804,1928,2071,2046,2057,2086,2168,2161,2298,2393,2475,2564,2659,2672,2794,2956,3119,3330,3504,3718,3992,4164,4481,4873,4987,5473,5871,6355,7063,7048,6517,6814,7166,7340,7733,8044,8114,8280,8255,8089,8306,8641,9185,9868,10372,10826,11304,11417,11138,11179,11614,11994,12427,12939,13356,13813,14021,14068,13897,14048,14118,14262,14482,14436
Spain ,498,450,661,853,853,1008,,,,,,,,,,,,,,,,,,,,,,,,,,,,,,1079,1089,1133,1136,1150,1202,1163,1132,1153,1200,1236,1248,1252,1277,1274,1230,1290,1283,1149,1181,1207,1298,1473,1598,1459,1496,1519,1668,1618,1520,1646,1679,1692,1720,1716,1661,1617,1585,1641,1630,1624,1654,1770,1700,1712,1689,1548,1619,1736,1756,1786,1901,1833,1829,1810,1777,1851,1896,1957,1977,1895,2017,1989,2056,2014,2033,2113,2073,2045,2044,2177,2212,2284,2290,2331,2451,2417,2600,2584,2739,2620,2529,2559,2486,2556,2583,1989,1808,1790,1915,2080,2030,2126,2188,2271,2102,2179,2198,2186,2155,2189,2386,2558,2528,2696,2778,2978,3046,3150,3050,3072,3436,3800,4151,4515,4762,5060,5334,5588,6032,6319,6618,7099,7661,8149,8346,8599,8833,9023,9068,9203,9186,9293,9478,9571,9722,9998,10520,11046,11582,12055,12327,12414,12262,12534,12860,13152,13643,14236,14872,15622,16163,16573,17059,17588,18194,18895,19551,19706
Total 14 small west European countries,467,400,721,698,789,956,,,,,,,,,,,,,,,,,,,,,,,,,,,,,,1273,,,,,,,,,,,,,,,,,,,,1602,,,,,,,,,,,,,,,,,,,,2028,,,,,,,,,,2361,,,,,,,,,,,,,2830,2639,2687,2788,2712,2633,2490,2536,2402,2749,2696,2894,3032,3049,3171,3294,3366,3291,3101,3198,3087,3198,3320,3462,3620,3697,3891,3824,3874,3834,3832,3666,3188,3009,3171,3367,3620,3846,3722,3964,4090,4178,4375,4604,4737,4796,4923,4988,5169,5361,5585,5779,6135,6379,6579,6739,7154,7399,7841,8256,8627,8560,8357,8900,9415,9830,10221,10436,10582,10833,11024,11523,11855,12377,12819,13448,14074,14445,14784,14958,15436,15809,16152,16563,17195,17077,17459,17849,18250,18667,19082,19499,19659,20074,20414,20389
Total 30  Western Europe ,576,427,771,888,993,1194,,,,,,,,,,,,,,,,,,,,,,,,,,,,,,1567,,,,,,,,,,,,,,,,,,,,1953,,,,,,,,,,,,,,,,,,,,2483,,,,,,,,,,2885,,,,,,,,,,,,,3457,3236,3284,3405,3313,3226,3056,3125,3132,3375,3318,3544,3709,3728,3885,4017,4117,4022,3803,3683,3788,3919,4056,4158,4328,4412,4638,4554,4592,4543,4541,4360,3803,3625,3828,4041,4322,4569,4806,4951,5171,5422,5723,5944,6160,6265,6514,6879,7185,7465,7746,8145,8417,8667,8917,9336,9805,10169,10442,10837,11392,11586,11493,11955,12262,12585,13002,13154,13139,13224,13445,13743,14060,14423,14801,15350,15800,15908,16122,16243,16127,16517,16890,17147,17579,18008,18497,19176,19464,19628,19801,20199,20522,21087,21589,21672
Australia ,400,400,400,400,400,518,523,538,556,587,616,627,646,663,699,848,877,896,900,946,1145,1125,1180,1165,1087,1374,1172,1069,1239,1409,1449,1602,1853,2121,2095,1975,2344,2749,3010,2636,2502,3053,2694,2297,2966,2894,2851,2740,2730,2896,2762,2843,3109,3156,3094,3273,3299,3553,3824,3835,4138,4007,4036,4277,4205,4285,4455,4063,4475,4304,4422,4329,4632,4504,4747,4458,4666,3995,3708,3766,3487,3685,3420,3891,3840,4013,3839,3823,4076,4295,4282,4507,4616,4693,4981,5210,5104,5098,5157,5027,4897,4878,4791,4602,4716,4766,4911,5064,5192,5417,5553,5573,5544,5452,5263,4708,4354,4564,4842,5060,5318,5516,5746,5886,5846,6166,6788,7505,7703,7362,6917,6595,6664,6967,7237,7412,7507,7418,7505,7791,8027,8108,8090,8305,8628,8791,8653,9027,9400,9849,10152,10241,10733,11148,11561,12024,12290,12404,12878,12985,13170,13559,13546,13769,14320,14412,14660,14412,14239,15062,15638,15757,16293,16752,17194,17173,16970,17370,17853,18424,19002,19485,20110,20978,21572,21732,22271,22910,23332,23619,23996,24359,25014,25301
New Zealand ,,400,400,400,400,400,,,,,,,,,,400,,,,,,,,,,400,,,,,,,,,,1144,,,,,,,,,,2212,,,,,,,,,,3100,3155,3523,3831,3843,3688,3623,3982,4271,3569,3747,3765,3646,3495,3703,3587,3602,3604,3554,3701,3755,3731,3801,3788,3579,3642,3988,3950,3985,4041,4298,4223,4438,4727,4570,4850,5158,5340,4835,4770,5316,5494,5209,5152,5189,5174,5120,5008,4911,5283,5641,5128,4841,5144,5143,5292,4905,4683,5141,5262,4960,4475,4327,4576,4768,4959,5840,6102,6462,6460,6300,6129,6762,6928,6868,6928,7161,7846,6929,7521,8456,7653,7796,7856,8743,8725,9000,9045,9185,9630,9465,9745,9731,10132,10418,10879,11362,10682,10545,11511,11189,11576,11850,12424,12879,12489,12648,11989,12034,12284,12347,12884,12996,13184,13666,13664,13880,13891,13816,13869,13687,13347,13343,14031,14572,14941,15237,15289,15263,15976,16246,16675,17170,17486,17912,18231,18405,18801,18653
Canada,400,400,400,400,430,904,,,,,,,,,,1000,,,,,,,,,,1162,,,,,,,,,,1330,,,,,,,,,,1451,,,,,,,,,,1695,1755,1705,1842,1854,1784,1641,1727,1637,1765,1816,2040,2109,2090,2231,2073,2075,2120,2249,2239,2378,2409,2371,2334,2420,2371,2288,2512,2583,2796,2911,3097,3331,3334,3280,3562,3846,3875,3572,3850,4066,4213,4377,4447,4025,4233,4646,4801,4441,4019,3861,3357,3793,3976,3977,4340,4497,4847,5172,5065,4811,4004,3671,3370,3691,3951,4124,4473,4546,4768,5368,6051,7033,7263,7443,7133,6931,7088,7065,7064,7291,7533,7833,7984,7699,8201,8652,8607,8534,8676,8753,8833,9277,9566,9999,10473,10946,11078,11479,11912,12050,12562,13072,13838,14205,14316,14902,15223,15680,16170,16176,16472,15779,16076,16836,17582,17862,18348,18993,19108,18872,18255,18139,18303,18936,19227,19319,19953,20613,21563,22488,22599,23156,23409,23943,24470,24971,25809,25267
United States ,400,400,400,400,527,1257,,,,,,,,,,1376,,,,,,,,,,1588,,,,,,,,,,1806,,,,,,,,,,2178,,,,,,,,,,2445,2503,2541,2604,2527,2599,2570,2595,2646,2909,3184,3215,3338,3339,3320,3270,3294,3368,3282,3413,3392,3467,3728,3478,3314,3644,3504,3769,3780,4051,4091,4464,4421,4551,4410,4642,5079,5065,4561,5017,4964,5046,5201,5301,4799,4864,5459,5248,5659,5680,5552,5323,5540,6164,6233,6282,6602,6576,6569,6899,6213,5691,4908,4777,5114,5467,6204,6430,6126,6561,7010,8206,9741,11518,12333,11709,9197,8886,9065,8944,9561,10116,10316,10613,10359,10897,10914,10920,10631,11230,11328,11402,11905,12242,12773,13419,14134,14330,14863,15179,15030,15304,15944,16689,16491,16284,16975,17567,18373,18789,18577,18856,18325,18920,20123,20717,21236,21788,22499,23059,23201,22849,23298,23616,24279,24603,25230,26052,26849,27735,28467,28405,28604,29074,29845,30481,31004,31357,31178
Total Western Offshoots ,400,400,400,400,476,1202,,,,,,,,,,1328,,,,,,,,,,1542,,,,,,,,,,1763,,,,,,,,,,2137,,,,,,,,,,2419,2475,2516,2595,2530,2599,2559,2593,2643,2877,3127,3179,3277,3293,3284,3234,3253,3336,3264,3392,3372,3450,3649,3415,3277,3554,3438,3675,3710,3963,4015,4349,4327,4455,4334,4559,4976,4970,4502,4934,4916,4995,5139,5233,4758,4824,5373,5195,5522,5517,5397,5160,5385,5953,6024,6100,6387,6385,6402,6673,6028,5492,4794,4672,5000,5340,6011,6247,5999,6390,6838,7954,9400,10971,11676,11090,8881,8635,8791,8704,9268,9760,9950,10220,10000,10512,10569,10567,10323,10866,10961,11025,11510,11844,12357,12967,13624,13816,14320,14657,14560,14856,15450,16179,16053,15892,16550,17069,17803,18233,18060,18339,17815,18335,19467,20066,20537,21073,21753,22255,22346,21978,22367,22684,23338,23674,24238,25024,25805,26681,27394,27387,27649,28090,28808,29415,29923,30344,30152
Albania ,,,,,,,,,,,,,,,,,,,,,,,,,,,,,,,,,,,,,,,,,,,,,,,,,,,,,,,,446,,,,,,,,,,,,,,,,,,,,598,,,,,,,,,,685,,,,,,,,,,780,,,811,,,,,,,,,,,,,,,,926,,,,,,,,,,,,,,,,,,,,,1001,1045,1046,1089,1120,1181,1193,1269,1326,1381,1451,1463,1511,1563,1616,1675,1738,1804,1869,1932,2004,2084,2165,2273,2282,2289,2299,2309,2319,2331,2347,2360,2373,2387,2400,2413,2428,2443,2459,2477,2499,1776,1632,1775,1907,2147,2333,2087,2343,2567,2741,2925,3009,3173,3343,3518,3693,3905,4149
Bulgaria ,,,,,,,,,,,,,,,,,,,,,,,,,,,,,,,,,,,,,,,,,,,,,,,,,,,,,,,,840,,,,,,,,,,,,,,,,,,,,1131,,,,,,,,,,1223,,,,,,,,,,1456,,,1534,,,,,,,,,,,909,922,1169,1255,1219,1180,1284,1454,1444,1450,1309,1236,1493,1567,1595,1603,1548,1567,1479,1513,1387,1073,,,,,1651,1989,1893,2085,2025,2148,2128,2330,2508,2684,2912,3072,3295,3418,3657,3850,4125,4320,4368,4546,4773,4902,5110,5284,5414,5831,5982,5896,6019,6245,6044,6186,6370,6237,6430,6226,6380,6382,6335,6216,5597,5198,4882,4932,5074,5283,4842,4624,4866,5028,5350,5627,5962,6278,6755,7239,7763,8315,8886
Czechoslovakia ,,,,,,849,,,,,,,,,,,,,,,,,,,,,,,,,,,,,,1079,,,,,,,,,,,,,,,,,,,,1164,,,,,,,,,,,,,,,,,,,,1505,,,,,,,,,,1729,,,,,,,,,,1991,,,2096,,,,,,,1933,2085,2006,2151,2353,2606,2575,2752,2977,3042,2926,2809,2680,2552,2443,2410,2599,2882,,,,,,,,,,,3088,3259,3501,3524,3598,3544,3652,3922,4110,4320,4610,4780,5108,5263,5304,5170,5372,5533,5741,5964,6223,6354,6466,6658,6858,7041,7243,7399,7461,7744,7786,7804,7982,7912,8045,8147,8319,8367,8507,8534,8709,8768,8513,7439,7254,7282,7517,7956,8334,8410,8514,8595,8833,9082,9311,9664,10128,10771,11562,12432,12925
Hungary ,,,,,,,,,,,,,,,,,,,,,,,,,,,,,,,,,,,,,,,,,,,,,,,,,,,,,,,,1092,,,,,,,,,,,,,,,,,,,,1473,,,,,,,,,,1682,,,,,,,,,,2000,,,2098,,,,,,,1709,,,,1912,2279,2162,2237,2415,2476,2404,2268,2192,2374,2370,2471,2618,2543,2655,2838,2626,2626,2743,,,,1721,1774,2200,2354,2480,2695,2762,2786,2850,3070,2906,3169,3367,3484,3649,3816,3962,4168,4388,4410,4646,4894,4934,5062,5028,5238,5336,5596,5716,5805,5791,6126,6253,6251,6306,6351,6583,6525,6710,6557,6699,6814,7031,6903,6459,5694,5528,5507,5678,5772,5861,6146,6464,6756,7132,7444,7789,8137,8548,8913,9284,9419,9500
Poland ,,,,,,,,,,,,,,,,,,,,,,,,,,,,,,,,,,,,,,,,,,,,,,,,,,,,,,,,946,,,,,,,,,,,,,,,,,,,,1284,,,,,,,,,,1536,,,,,,,,,,1690,,,1739,,,,,,,,,,,,,,,,2117,1994,1823,1658,1590,1593,1597,1625,1915,2182,,,,,,,,,,,,2447,2510,2521,2618,2715,2794,2864,2962,3057,3096,3215,3426,3341,3502,3622,3787,3991,4103,4317,4241,4428,4707,5010,5340,5601,5808,5895,5949,6111,5942,5740,5385,5288,5498,5650,5660,5797,5683,5789,5684,5113,4738,4842,5011,5265,5623,5956,6357,6705,7014,7309,7400,7510,7804,8226,8527,9060,9681,10160
Romania ,,,,,,,,,,,,,,,,,,,,,,,,,,,,,,,,,,,,,,,,,,,,,,,,,,,,,,,,931,,,,,,,,,,,,,,,,,,,,1246,,,,,,,,,,1415,,,,,,,,,,1660,,,1741,,,,,,,,,,,,,1258,1241,1225,1152,1219,1229,1144,1184,1182,1196,1194,1130,1242,,,,,,,,,,816,,1182,1256,1333,1411,1496,1578,1623,1672,1724,1783,1844,1951,2007,2137,2258,2386,2643,2743,2739,2824,2853,3221,3396,3477,3637,3761,3917,3966,4063,4148,4135,4087,4072,4027,4178,4159,4215,4110,4085,3941,3511,3063,2797,2843,2957,3174,3307,3114,2971,2940,3006,3180,3343,3510,3813,3974,4338,4565,4895
Yugoslavia ,,,,,,,,,,,,,,,,,,,,,,,,,,,,,,,,,,,,,,,,,,,,,,,,,,,,,,,,599,,,,,,,,,,,,,,,,,,,,843,,,,,,,,,,902,,,,,,,,,,1057,,,1057,,,,,,,1031,1041,1057,1096,1158,1198,1263,1225,1314,1364,1318,1261,1128,1147,1173,1140,1270,1273,1356,1412,,,,,,,,1315,1548,1678,1551,1591,1448,1643,1712,1797,1742,2014,2080,2314,2437,2522,2544,2781,3019,3071,3205,3232,3272,3610,3755,4151,4255,4361,4879,4836,4939,5250,5491,5819,6063,6134,6139,6157,6279,6297,6522,6418,6300,6193,5646,4880,3990,3365,3507,3695,4059,4467,4683,4609,4826,4989,5157,5306,5568,5808,6123,6429,6686
Total 7 East European Countries,412,400,496,548,606,683,,,,,,,,,,,,,,,,,,,,,,,,,,,,,,869,,,,,,,,,,,,,,,,,,,,937,,,,,,,,,,,,,,,,,,,,1254,,,,,,,,,,1438,,,,,,,,,,1636,,,1695,,,,,,,,,,,,,,,,1942,,,,,,,,,,,1969,,,,,,,,,,2111,2206,2207,2296,2370,2495,2521,2682,2806,2921,3070,3218,3244,3372,3542,3664,3871,3996,4106,4200,4315,4596,4790,4988,5239,5377,5469,5612,5749,5793,5786,5685,5704,5759,5909,5887,6021,5959,6000,5905,5427,4831,4582,4538,4726,5001,5232,5413,5602,5734,5970,6143,6321,6573,6942,7262,7730,8193,8569
Bosnia ,,,,,,,,,,,,,,,,,,,,,,,,,,,,,,,,,,,,,,,,,,,,,,,,,,,,,,,,,,,,,,,,,,,,,,,,,,,,,,,,,,,,,,,,,,,,,,,,,,,,,,,,,,,,,,,,,,,,,,,,,,,,,,,,,,,,,,,,,,,,,,,,,,,,,,,,,,,,,,,,,,,,,,,,,,,,,,,,3737,3284,2475,1842,1977,2139,3390,4633,5104,5389,5572,5716,5850,5927,6140,6257,6587,6953,7274
Croatia ,,,,,,,,,,,,,,,,,,,,,,,,,,,,,,,,,,,,,,,,,,,,,,,,,,,,,,,,,,,,,,,,,,,,,,,,,,,,,,,,,,,,,,,,,,,,,,,,,,,,,,,,,,,,,,,,,,,,,,,,,,,,,,,,,,,,,,,,,,,,,,,,,,,,,,,,,,,,,,,,,,,,,,,,,,,,,,,,7351,5758,5137,4735,4986,5342,5699,6113,6301,6261,6439,6679,6961,7233,7545,7864,8236,8692,8904
Macedonia ,,,,,,,,,,,,,,,,,,,,,,,,,,,,,,,,,,,,,,,,,,,,,,,,,,,,,,,,,,,,,,,,,,,,,,,,,,,,,,,,,,,,,,,,,,,,,,,,,,,,,,,,,,,,,,,,,,,,,,,,,,,,,,,,,,,,,,,,,,,,,,,,,,,,,,,,,,,,,,,,,,,,,,,,,,,,,,,,3972,3713,3429,3125,3041,2978,2988,3009,3094,3212,3341,3176,3194,3295,3422,3553,3686,3893,4063
Slovenia ,,,,,,,,,,,,,,,,,,,,,,,,,,,,,,,,,,,,,,,,,,,,,,,,,,,,,,,,,,,,,,,,,,,,,,,,,,,,,,,,,,,,,,,,,,,,,,,,,,,,,,,,,,,,,,,,,,,,,,,,,,,,,,,,,,,,,,,,,,,,,,,,,,,,,,,,,,,,,,,,,,,,,,,,,,,,,,,,10860,9852,9312,9569,10071,10474,10826,11322,11735,12399,12877,13220,13654,14226,14855,15497,16417,17543,18170
Serbia/Montenegro/Kosovo,,,,,,,,,,,,,,,,,,,,,,,,,,,,,,,,,,,,,,,,,,,,,,,,,,,,,,,,,,,,,,,,,,,,,,,,,,,,,,,,,,,,,,,,,,,,,,,,,,,,,,,,,,,,,,,,,,,,,,,,,,,,,,,,,,,,,,,,,,,,,,,,,,,,,,,,,,,,,,,,,,,,,,,,,,,,,,,,5011,4426,3183,2194,2239,2366,2492,2670,2772,2322,2501,2650,2749,2791,2997,3189,3381,3437,3620
Former Yugoslavia ,,,,,,,,,,,,,,,,,,,,,,,,,,,,,,,,,,,,,,,,,,,,,,,,,,,,,,,,,,,,,,,,,,,,,,,,,,,,,,,,,,,,,,,,,,,,,,,,,,,,,,,,,,,,,,,,,,,,,,,,,,,,,,,,,,,,,,,,,,,,,,,,,,,,,,,,,,,,,,,,,,,,,,,,,,,,,,,,5646,4880,3990,3365,3507,3695,4059,4467,4683,4609,4825,4989,5157,5306,5568,5808,6123,6429,6686
Czech Republic ,,,,,,,,,,,,,,,,,,,,,,,,,,,,,,,,,,,,,,,,,,,,,,,,,,,,,,,,,,,,,,,,,,,,,,,,,,,,,,,,,,,,,,,,,,,,,,,,,,,,,,,,,,,,,,,,,,,,,,,,,,,,,,,,,,,,,,,,,,,,,,,,,,,,,,,,,,,,,,,,,,,,,,,,,,,,,,,,8895,7865,7818,7814,7985,8464,8826,8772,8703,8825,9156,9401,9573,9924,10376,11035,11792,12520,12868
Slovakia ,,,,,,,,,,,,,,,,,,,,,,,,,,,,,,,,,,,,,,,,,,,,,,,,,,,,,,,,,,,,,,,,,,,,,,,,,,,,,,,,,,,,,,,,,,,,,,,,,,,,,,,,,,,,,,,,,,,,,,,,,,,,,,,,,,,,,,,,,,,,,,,,,,,,,,,,,,,,,,,,,,,,,,,,,,,,,,,,7763,6606,6158,6251,6612,6977,7390,7716,8151,8158,8220,8476,8813,9172,9658,10271,11128,12267,13033
Former Czechoslovakia ,,,,,,,,,,,,,,,,,,,,,,,,,,,,,,,,,,,,,,,,,,,,,,,,,,,,,,,,,,,,,,,,,,,,,,,,,,,,,,,,,,,,,,,,,,,,,,,,,,,,,,,,,,,,,,,,,,,,,,,,,,,,,,,,,,,,,,,,,,,,,,,,,,,,,,,,,,,,,,,,,,,,,,,,,,,,,,,,8513,7439,7254,7282,7517,7956,8334,8410,8514,8595,8833,9082,9311,9664,10128,10771,11562,12432,12925
Armenia ,,,,,,,,,,,,,,,,,,,,,,,,,,,,,,,,,,,,,,,,,,,,,,,,,,,,,,,,,,,,,,,,,,,,,,,,,,,,,,,,,,,,,,,,,,,,,,,,,,,,,,,,,,,,,,,,,,,,,,,,,,,,,,,,,,,,,,,,,,,,,,,,,,,,,,,,,,,,,,,6152,,,,,,,,,,,,,,,,,6066,5262,3116,2971,3237,3525,3739,3868,4164,4304,4565,5028,5814,6648,7372,8420,9553,10879,11630
Azerbaijan ,,,,,,,,,,,,,,,,,,,,,,,,,,,,,,,,,,,,,,,,,,,,,,,,,,,,,,,,,,,,,,,,,,,,,,,,,,,,,,,,,,,,,,,,,,,,,,,,,,,,,,,,,,,,,,,,,,,,,,,,,,,,,,,,,,,,,,,,,,,,,,,,,,,,,,,,,,,,,,,4434,,,,,,,,,,,,,,,,,4639,4506,3441,2638,2115,1850,1857,1951,2133,2278,2518,2754,3032,3354,3720,4597,5962,7308,8097
Belarus ,,,,,,,,,,,,,,,,,,,,,,,,,,,,,,,,,,,,,,,,,,,,,,,,,,,,,,,,,,,,,,,,,,,,,,,,,,,,,,,,,,,,,,,,,,,,,,,,,,,,,,,,,,,,,,,,,,,,,,,,,,,,,,,,,,,,,,,,,,,,,,,,,,,,,,,,,,,,,,,5233,,,,,,,,,,,,,,,,,7194,7091,6396,5897,5213,4686,4833,5407,5882,6099,6472,6800,7172,7698,8618,9474,10467,11415,12607
Estonia ,,,,,,,,,,,,,,,,,,,,,,,,,,,,,,,,,,,,,,,,,,,,,,,,,,,,,,,,,,,,,,,,,,,,,,,,,,,,,,,,,,,,,,,,,,,,,,,,,,,,,,,,,,,,,,,,,,,,,,,,,,,,,,,,,,,,,,,,,,,,,,,,,,,,,,,,,,,,,,,8657,,,,,,,,,,,,,,,,,10820,9799,8587,8054,8054,8539,9040,10091,10710,10785,11710,12549,13550,14340,15636,17218,19062,20566,19951
Georgia ,,,,,,,,,,,,,,,,,,,,,,,,,,,,,,,,,,,,,,,,,,,,,,,,,,,,,,,,,,,,,,,,,,,,,,,,,,,,,,,,,,,,,,,,,,,,,,,,,,,,,,,,,,,,,,,,,,,,,,,,,,,,,,,,,,,,,,,,,,,,,,,,,,,,,,,,,,,,,,,5932,,,,,,,,,,,,,,,,,7616,6016,3355,2420,2222,2329,2631,2938,3051,3161,3244,3422,3623,4040,4294,4723,5185,5842,5984
Kazakhstan,,,,,,,,,,,,,,,,,,,,,,,,,,,,,,,,,,,,,,,,,,,,,,,,,,,,,,,,,,,,,,,,,,,,,,,,,,,,,,,,,,,,,,,,,,,,,,,,,,,,,,,,,,,,,,,,,,,,,,,,,,,,,,,,,,,,,,,,,,,,,,,,,,,,,,,,,,,,,,,7625,,,,,,,,,,,,,,,,,7458,6595,6231,5689,5055,4729,4808,4957,4938,5126,5648,6402,7018,7655,8347,9131,10077,10936,11245
Kyrgyzstan ,,,,,,,,,,,,,,,,,,,,,,,,,,,,,,,,,,,,,,,,,,,,,,,,,,,,,,,,,,,,,,,,,,,,,,,,,,,,,,,,,,,,,,,,,,,,,,,,,,,,,,,,,,,,,,,,,,,,,,,,,,,,,,,,,,,,,,,,,,,,,,,,,,,,,,,,,,,,,,,3727,,,,,,,,,,,,,,,,,3602,3268,2788,2359,1886,1766,1865,2020,2034,2080,2167,2259,2233,2354,2488,2451,2495,2671,2835
Latvia ,,,,,,,,,,,,,,,,,,,,,,,,,,,,,,,,,,,,,,,,,,,,,,,,,,,,,,,,,,,,,,,,,,,,,,,,,,,,,,,,,,,,,,,,,,,,,,,,,,,,,,,,,,,,,,,,,,,,,,,,,,,,,,,,,,,,,,,,,,,,,,,,,,,,,,,,,,,,,,,7846,,,,,,,,,,,,,,,,,9916,8707,5992,5413,5624,5653,5934,6491,6860,7144,7694,8372,8977,9722,11077,12338,13937,15432,14816
Lithuania ,,,,,,,,,,,,,,,,,,,,,,,,,,,,,,,,,,,,,,,,,,,,,,,,,,,,,,,,,,,,,,,,,,,,,,,,,,,,,,,,,,,,,,,,,,,,,,,,,,,,,,,,,,,,,,,,,,,,,,,,,,,,,,,,,,,,,,,,,,,,,,,,,,,,,,,,,,,,,,,7593,,,,,,,,,,,,,,,,,8663,8154,6420,5396,4880,5142,5392,5775,6202,6101,6346,6769,7254,7986,8598,9298,10053,10980,11342
Moldova ,,,,,,,,,,,,,,,,,,,,,,,,,,,,,,,,,,,,,,,,,,,,,,,,,,,,,,,,,,,,,,,,,,,,,,,,,,,,,,,,,,,,,,,,,,,,,,,,,,,,,,,,,,,,,,,,,,,,,,,,,,,,,,,,,,,,,,,,,,,,,,,,,,,,,,,,,,,,,,,5365,,,,,,,,,,,,,,,,,6170,5059,3578,3531,2441,2412,2275,2314,2166,2097,2146,2284,2469,2631,2831,3048,3199,3299,3540
Russian Federation ,,,,,,,,,,,,,,,,,,,,,,,,,,,,,,,,,,,,,,,,,,,,,,,,,,,,,,,,,,,,,,,,,,,,,,,,,,,,,,,,,,,,,,,,,,,,,,,,,,,,,,,,,,,,,,,,,,,,,,,,,,,,,,,,,,,,,,,,,,,,,,,,,,,,,,,,,,,,,,,6582,,,,,,,,,,,,,,,,,7779,7374,6300,5752,5020,4813,4645,4718,4475,4777,5277,5574,5869,6335,6829,7303,7905,8587,9111
Tajikistan ,,,,,,,,,,,,,,,,,,,,,,,,,,,,,,,,,,,,,,,,,,,,,,,,,,,,,,,,,,,,,,,,,,,,,,,,,,,,,,,,,,,,,,,,,,,,,,,,,,,,,,,,,,,,,,,,,,,,,,,,,,,,,,,,,,,,,,,,,,,,,,,,,,,,,,,,,,,,,,,4095,,,,,,,,,,,,,,,,,3013,2688,1789,1485,1157,1000,821,820,847,859,913,989,1064,1152,1251,1310,1375,1455,1540
Turkmenistan ,,,,,,,,,,,,,,,,,,,,,,,,,,,,,,,,,,,,,,,,,,,,,,,,,,,,,,,,,,,,,,,,,,,,,,,,,,,,,,,,,,,,,,,,,,,,,,,,,,,,,,,,,,,,,,,,,,,,,,,,,,,,,,,,,,,,,,,,,,,,,,,,,,,,,,,,,,,,,,,4826,,,,,,,,,,,,,,,,,3636,3384,2813,2792,2259,2057,2161,1889,1994,2289,2395,2460,2472,2609,2959,3303,3636,4012,4383
Ukraine ,,,,,,,,,,,,,,,,,,,,,,,,,,,,,,,,,,,,,,,,,,,,,,,,,,,,,,,,,,,,,,,,,,,,,,,,,,,,,,,,,,,,,,,,,,,,,,,,,,,,,,,,,,,,,,,,,,,,,,,,,,,,,,,,,,,,,,,,,,,,,,,,,,,,,,,,,,,,,,,4924,,,,,,,,,,,,,,,,,6027,5491,4934,4232,3279,2901,2633,2576,2549,2567,2745,3029,3216,3547,4007,4145,4480,4868,5003
Uzbekistan ,,,,,,,,,,,,,,,,,,,,,,,,,,,,,,,,,,,,,,,,,,,,,,,,,,,,,,,,,,,,,,,,,,,,,,,,,,,,,,,,,,,,,,,,,,,,,,,,,,,,,,,,,,,,,,,,,,,,,,,,,,,,,,,,,,,,,,,,,,,,,,,,,,,,,,,,,,,,,,,5097,,,,,,,,,,,,,,,,,4260,4133,3580,3416,3170,3079,3070,3172,3259,3352,3439,3547,3650,3767,4014,4251,4516,4895,5284
Total Former USSR ,400,400,499,552,610,688,,,,,,,,,,,,,,,,,,,,,,,,,,,,,,,,,,,,,,,,,,,,,,,,,,943,,,,,,,,,,,,,,,,,,,,,,,,,,,,,,1237,,,,,,,,,,,,,1488,,,,,,,,,,,,,,,1370,1386,1448,1462,1439,1493,1630,1864,1991,2156,2150,2237,2144,,,,,,1913,2126,2402,2623,2841,2806,2937,3013,3106,3313,3566,3576,3777,3669,3945,4098,4140,3985,4439,4634,4804,4963,5202,5225,5575,5667,5643,6059,6176,6135,6363,6454,6559,6472,6427,6433,6536,6687,6709,6708,6923,6952,7043,7112,6894,6423,5473,4931,4252,4029,3915,3998,3911,4102,4460,4750,5020,5420,5889,6315,6873,7490,7904
Argentina ,,,,,,,,,,,,,,,,,,,,,,,,,,,,,,,,,,,,,,,,,,,,,,,,,,,,,,,,1311,,,,,,,,,,,,,,,,,,,,2152,,,,,,,,,,2756,2880,2717,2992,3191,3479,3518,3459,3657,3699,3822,3746,3904,3797,3302,3244,3091,2790,3248,3307,3473,3471,3636,3898,4055,3919,3994,4156,4291,4367,4080,3712,3522,3621,3845,3950,3912,4125,4072,4148,4161,4304,4284,4182,4579,4356,4665,5089,5252,5047,4987,5073,4717,4874,4980,5237,5285,5461,5698,5241,5559,5862,5677,5455,5926,6371,6321,6399,6578,7037,7302,7530,7635,7962,8334,8122,7965,8304,7807,8227,8206,7607,7246,7387,7426,6835,7224,7298,7054,6520,6433,6977,7495,7828,8371,8013,8270,8828,9155,8746,8581,8124,7181,7744,8353,9019,9679,10407,10995
Brazil ,,,400,428,459,646,,,,,,,,,,,,,,,,,,,,,,,,,,,,,,686,,,,,,,,,,,,,,,,,,,,713,717,721,724,728,732,736,740,744,748,752,756,760,764,768,773,777,781,785,789,794,773,730,622,621,783,710,699,717,703,678,730,715,714,713,718,770,755,734,776,769,836,809,811,780,798,804,842,808,895,963,963,1009,1046,1024,1007,1008,1060,1158,1137,1048,1004,1018,1076,1142,1150,1235,1250,1276,1263,1250,1307,1229,1368,1386,1390,1501,1518,1596,1659,1672,1702,1752,1784,1848,1926,1896,1994,2111,2221,2335,2437,2511,2463,2472,2448,2527,2554,2704,2860,3057,3278,3538,3880,4081,4187,4470,4565,4678,4890,5195,4850,4763,4498,4643,4914,5202,5270,5155,5224,4920,4891,4800,4937,5162,5296,5366,5485,5414,5377,5532,5525,5552,5536,5772,5878,6034,6196,6429
Chile ,,,,,,694,663,667,664,648,667,672,675,670,674,664,663,671,669,683,698,693,710,713,714,751,752,761,775,778,793,811,820,845,895,932,948,966,936,953,987,988,1011,1045,1068,1094,1083,1069,1098,1145,1172,1186,1128,1172,1276,1290,1274,1349,1417,1337,1426,1390,1325,1385,1572,1740,1775,1895,1879,1869,1788,1837,1938,1836,1858,1966,2099,2030,2103,2042,2158,2143,2070,2292,2279,2194,2223,2293,2139,2287,2259,2408,2507,2743,2726,3000,2887,2968,2988,2497,2389,2895,2923,2926,2480,2768,2370,2426,2885,3062,3152,2850,2760,3332,3455,2859,2218,1844,2236,2655,2761,2847,3181,3161,3169,3236,3141,3226,3256,3256,3471,3699,3240,3712,3569,3670,3731,3893,4112,3907,3975,3957,4264,4392,4042,4270,4366,4465,4639,4638,4577,4984,5046,5128,5220,5231,5597,5429,5034,4992,4273,4347,4700,5011,5345,5680,5932,5035,4810,5011,5030,5227,5480,5780,6283,6401,6795,7505,7905,8399,8973,9505,9997,10186,9984,10309,10535,10646,10942,11479,12001,12432,12894,13185
Colombia ,,,,,,,,,,,,,,,,,,,,,,,,,,,,,,,,,,,,,,,,,,,,,,,,,,,,,,,,,,,,,,,,,,,,,,,,,,,,,,,,,,,,,,973,1022,1020,1030,1039,1053,1103,1101,1096,1131,1162,1201,1236,1236,1163,1129,1222,1292,1252,1253,1255,1255,1255,1255,1255,1255,1340,1424,1490,1505,1474,1448,1511,1577,1526,1677,1744,1751,1843,1905,1895,1877,1832,1792,1863,1899,2017,2042,2050,2107,2153,2150,2214,2277,2358,2373,2391,2400,2383,2473,2497,2540,2594,2597,2675,2689,2750,2784,2874,2976,3094,3194,3355,3499,3618,3621,3713,3793,4042,4177,4257,4255,4202,4175,4229,4272,4436,4577,4669,4726,4826,4806,4893,5011,5223,5400,5410,5392,5333,5025,5079,5069,5084,5234,5396,5618,5917,6270,6330
Mexico ,400,400,425,454,568,759,,,,,,,,,,,,,,,,,,,,,,,,,,,,,,,,,,,,,,,,,,,,,,,,,,674,,,,,,,,,,,,,,,,,,,,1011,,,,,1132,,,,,1366,1466,1348,1483,1492,1630,1594,1669,1649,1680,1694,1707,1718,1732,1744,1757,1770,1783,1796,1810,1823,1836,1850,1884,1825,1908,1991,1875,1857,1757,1618,1643,1373,1501,1574,1660,1768,1796,1794,1858,1852,1949,2032,2051,2159,2134,2211,2221,2248,2304,2365,2477,2504,2439,2605,2742,2843,2965,3025,3016,3155,3172,3211,3343,3594,3702,3813,3922,4073,4185,4320,4365,4602,4853,5013,5158,5244,5293,5595,5968,6320,6717,6514,6088,6162,6194,5834,5818,5771,5899,6085,6226,6333,6339,6504,6001,6209,6525,6753,6915,7275,7177,7145,7159,7357,7511,7795,7972,7979
Peru ,,,,,,,,,,,,,,,,,,,,,,,,,,,,,,,,,,,,,,,,,,,,,,,,,,,,,,,,,,,,,,,,,,,,,,,,,,,,,,,,,,557,602,633,659,686,727,757,798,815,864,921,966,972,976,981,989,1012,1032,1013,1087,1185,1213,1205,1230,1226,1257,1345,1415,1524,1540,1670,1674,1754,1908,1663,1504,1423,1558,1740,1873,1931,1926,1925,1905,1911,1880,1807,1804,1926,1964,2005,2027,2059,2177,2308,2426,2487,2579,2583,2703,2751,2810,2743,2682,2969,3142,3281,3334,3465,3594,3788,3831,3685,3676,3854,3916,3930,4023,4119,4326,4271,4157,4049,4181,4263,4342,4247,3594,3676,3666,3946,4192,3766,3237,3008,3020,2931,3034,3377,3595,3608,3848,3787,3760,3817,3767,3894,3992,4132,4352,4625,4970,5388
Uruguay,,,,,,,,,,,,,,,,,,,,,,,,,,,,,,,,,,,,,,,,,,,,,,,,,,,,,,,,2181,2178,2632,2601,2315,1942,2105,2123,2247,1949,2082,1932,2080,2397,2324,2569,2608,2267,2718,2415,2147,2290,2294,2437,2657,2568,2644,2493,2250,2261,2219,2233,2572,2615,2640,2334,2533,2757,2973,2957,3136,2957,3508,3310,2654,2470,2508,2717,2828,3135,2674,2751,3078,3170,3397,3188,3398,3797,3906,3847,4301,3500,3196,2750,3221,3356,3459,3462,3676,3692,3661,3682,3338,3331,3705,3764,4083,4313,4405,4504,4659,4955,4957,5139,5391,5352,5360,5333,5402,4860,4960,5036,4858,4820,4858,4860,4974,4721,4747,4991,5184,5130,4945,4974,5123,5417,5602,5629,5888,6215,6555,6873,5972,5583,5487,5560,6015,6453,6413,6454,6465,6607,7047,7215,7564,7357,7670,7993,8304,8025,7873,7562,6690,6799,7558,8013,8529,9129,9893
Venezuela,,,,,,460,,,,,,,,,,,,,,,,,,,,,,,,,,,,,,,,,,,,,,,,,,,,,,,,,,569,,,,,,,,,,,,,,,,,,,,,,,,,,,,,,821,797,856,913,876,861,799,793,841,865,886,937,962,1104,956,980,921,1069,1057,983,1173,1214,1241,1420,1630,2081,2487,2761,3057,3426,3444,2754,2613,2831,2995,3181,3449,3896,4144,4305,4045,3903,3347,3575,4309,5102,5948,6894,7394,7544,7462,7663,7992,7956,8417,8750,9124,10058,9816,9997,9646,9002,9058,9134,9562,9841,9677,9922,10249,10262,10672,10446,10245,10625,10507,10472,10929,11251,11164,10920,10139,9841,9356,8745,8623,8521,8725,8805,9080,8094,8313,8970,9382,9143,8624,8953,8750,9160,8986,8300,8433,8590,7717,7013,8176,8888,9627,10263,10596
Total 8 Latin American countries,,,,,,712,,,,,,,,,,,,,,,,,,,,,,,,,,,,,,,,,,,,,,,,,,,,,,,,,,742,,,,,,,,,,,,,,,,,,,,,,,,,,,,,,1206,1272,1237,1300,1333,1400,1434,1457,1488,1522,1562,1582,1617,1618,1498,1493,1518,1515,1558,1581,1644,1631,1692,1789,1822,1837,1887,1929,2039,2053,1913,1762,1657,1752,1866,1937,2013,2086,2108,2136,2122,2168,2116,2166,2294,2304,2465,2550,2656,2682,2696,2765,2774,2814,2909,3026,3060,3203,3283,3259,3387,3457,3489,3485,3629,3709,3785,3843,3974,4127,4309,4451,4620,4874,5043,5085,5240,5357,5453,5694,5891,5781,5585,5303,5396,5461,5588,5665,5591,5541,5461,5583,5672,5781,5996,5966,6079,6309,6352,6258,6418,6360,6237,6273,6585,6819,7114,7398,7614
Bolivia ,,,,,,,,,,,,,,,,,,,,,,,,,,,,,,,,,,,,,,,,,,,,,,,,,,,,,,,,,,,,,,,,,,,,,,,,,,,,,,,,,,,,,,,,,,,,,,,,,,,,,,,,,,,,,,,,,,,,,,,,,,,,,,,,,,,1690,1700,1710,1727,1743,1919,2013,2031,1800,1799,1853,1706,1614,1616,1575,1606,1603,1654,1720,1762,1806,1891,1962,2079,2120,2176,2204,2260,2357,2418,2516,2647,2691,2715,2652,2572,2547,2394,2249,2234,2181,2074,2089,2124,2138,2197,2262,2246,2287,2344,2401,2453,2522,2598,2554,2561,2551,2559,2575,2630,2692,2767,2841,2959
Costa Rica,,,,,,,,,,,,,,,,,,,,,,,,,,,,,,,,,,,,,,,,,,,,,,,,,,,,,,,,,,,,,,,,,,,,,,,,,,,,,,,,,,,,,,,,,,,,,,,,,,,,,,,,,,1624,1553,1691,1527,1709,1665,1802,1636,1685,1582,1626,1575,1421,1660,1437,1527,1600,1802,1876,1867,1763,1943,1688,1659,1459,1614,1759,2036,2095,2123,1963,1951,2114,2353,2289,2460,2301,2406,2605,2598,2715,2723,2785,2919,2961,3127,3258,3349,3497,3622,3754,3889,4118,4319,4430,4396,4506,4769,4870,4959,4911,4681,4235,4230,4432,4340,4446,4530,4561,4698,4747,4736,4957,5129,5237,5242,5186,5372,5718,6144,6174,6135,6213,6503,6680,6969,7473,7868,8032
Cuba,,,,,,,,,,,,,,,,,,,,,,,,,,,,,,,,,,,,,,,,,,,,,,,,,,,,,,,,,,,,,,,,,,,,,,,,,,,,,,,,,,,,,,,,,,,,,,,,,,,,,,,,,,,,,,,,,,,1639,1505,1241,977,1038,1196,1371,1573,1779,1358,1411,1208,1599,1321,1442,1631,1776,1893,2121,1842,1958,2046,2176,2207,1900,1957,2005,2145,2406,2363,2067,2052,2050,2046,2032,2009,1988,2051,2248,2080,2021,1917,2037,2096,2245,2324,2404,2439,2520,2650,2695,2644,2847,2890,2945,3022,3049,3028,2982,3010,2991,2957,2590,2216,1848,1877,1932,2091,2152,2170,2307,2422,2482,2510,2595,2736,3032,3388,3625,3764
Dominican Republic ,,,,,,,,,,,,,,,,,,,,,,,,,,,,,,,,,,,,,,,,,,,,,,,,,,,,,,,,,,,,,,,,,,,,,,,,,,,,,,,,,,,,,,,,,,,,,,,,,,,,,,,,,,,,,,,,,,,,,,,,,,,,,,,,,,,,,,,,1027,1117,1172,1123,1150,1183,1260,1296,1320,1284,1302,1232,1394,1437,1484,1259,1384,1387,1349,1453,1561,1680,1837,2005,2067,2111,2198,2250,2248,2289,2372,2413,2400,2450,2403,2292,2310,2432,2397,2647,2471,2443,2551,2557,2623,2695,2840,3025,3193,3392,3639,3711,3815,3746,3737,4022,4026,4303,4464
Ecuador ,,,,,,,,,,,,,,,,,,,,,,,,,,,,,,,,,,,,,,,,,,,,,,,,,,,,,,,,,,,,,,,,,,,,,,,,,,,,,,,,,,,,,,,,,,,,,,,,,,,,,,,,,,,,,,,,,,,,,,,,,,,,,1301,1356,1323,1360,1494,1474,1443,1574,1700,1880,1861,1863,1835,2009,1998,2103,2101,2121,2156,2159,2211,2289,2279,2331,2320,2411,2566,2556,2612,2675,2739,2845,2922,3012,3290,3383,3459,3687,3810,3961,4060,4129,4181,4114,3922,3975,4036,4048,3697,3988,3894,3903,4054,4126,4139,4219,4248,4235,4281,4205,3829,3219,3334,3317,3371,3561,3693,3767,3802,3987
El Salvador,,,,,,,,,,,,,,,,,,,,,,,,,,,,,,,,,,,,,,,,,,,,,,,,,,,,,,,,,,,,,,,,,,,,,,,,,,,,,,,,,,,,,,,,,,,,,,,,,,,,,,,,,,932,919,950,974,1017,925,1069,926,1055,1041,1045,924,823,922,940,1021,985,1065,977,1035,1111,1074,1146,1235,1151,1091,1095,1362,1707,1525,1489,1480,1550,1616,1589,1624,1701,1740,1725,1748,1764,1769,1920,1941,2058,2101,2172,2216,2210,2206,2187,2222,2298,2342,2436,2504,2532,2613,2715,2605,2354,2186,2084,2076,2091,2105,2089,2105,2106,2092,2119,2142,2259,2362,2459,2563,2561,2620,2668,2706,2714,2709,2719,2731,2733,2768,2835,2917,2940
Guatemala,,,,,,,,,,,,,,,,,,,,,,,,,,,,,,,,,,,,,,,,,,,,,,,,,,,,,,,,,,,,,,,,,,,,,,,,,,,,,,,,,,,,,,,,,,,,,,,,,,,,,,,,,,1272,1382,1291,1405,1504,1460,1460,1539,1557,1720,1776,1620,1380,1358,1512,1712,2305,2206,2224,2457,2742,2825,2800,1835,1741,1732,2002,1975,1988,2111,2085,2047,2024,2032,2004,1989,2100,2148,2177,2211,2193,2216,2223,2360,2393,2447,2530,2581,2751,2821,2919,3012,3160,3297,3426,3412,3579,3767,3862,3951,4005,3925,3703,3504,3431,3320,3222,3198,3191,3227,3240,3270,3374,3451,3499,3582,3603,3670,3781,3854,3927,3948,3959,3982,4036,4086,4212,4381,4461
Ha√Øti,,,,,,,,,,,,,,,,,,,,,,,,,,,,,,,,,,,,,,,,,,,,,,,,,,,,,,,,,,,,,,,,,,,,,,,,,,,,,,,,,,,,,,,,,,,,,,,,,,,,,,,,,,,,,,,,,,,,,,,,,,,,,,,,,,,1045,1042,1048,1046,1046,1051,1050,1091,1039,1105,1042,1113,1028,1088,1017,1062,999,1073,983,941,931,907,870,886,896,919,969,995,1025,1075,1035,1107,1096,1132,1196,1268,1213,1152,1141,1123,1104,1082,1052,1039,1028,1005,988,836,801,719,740,755,760,762,769,761,740,722,711,673,672,679,689,686
Honduras,,,,,,,,,,,,,,,,,,,,,,,,,,,,,,,,,,,,,,,,,,,,,,,,,,,,,,,,,,,,,,,,,,,,,,,,,,,,,,,,,,,,,,,,,,,,,,,,,,,,,,,,,,1274,1253,1309,1253,1141,1329,1295,1407,1547,1499,1563,1564,1373,1262,1211,1135,1133,1063,1105,1115,1160,1138,1014,1007,1006,1219,1281,1333,1331,1311,1313,1344,1356,1421,1300,1293,1354,1372,1370,1360,1398,1386,1416,1417,1438,1507,1538,1568,1603,1559,1556,1562,1563,1581,1745,1732,1851,1979,2103,2128,2062,2031,1929,1852,1859,1874,1824,1868,1899,1911,1857,1853,1904,1980,1886,1899,1912,1953,1958,1871,1912,1912,1915,1953,2025,2101,2191,2280,2323
Jamaica ,,,,,,701,,,,,,,,,,,,,,,,,,,,,,,,,,,,,,544,,,,,,,,,,,,,,,,,,,,535,,,,,,,,,,,,,,,,,,,,,,,,,,,,,,,,,,,,,,,,,,,608,,,,,,,,,,,,,,,,,,,,,,,,,972,,,,970,1150,,,1649,1512,,,1327,1412,1504,1691,1858,2020,2190,2468,2458,2541,2654,2702,2722,2757,2904,3070,3129,3178,3284,3480,3849,3803,3858,4130,3908,3845,3564,3451,3439,3336,3121,3162,3149,3210,3174,3020,3064,3296,3386,3606,3786,3781,3843,3865,3891,3905,3797,3696,3639,3596,3598,3626,3630,3723,3742,3746,3814,3835,3668
Nicaragua,,,,,,,,,,,,,,,,,,,,,,,,,,,,,,,,,,,,,,,,,,,,,,,,,,,,,,,,,,,,,,,,,,,,,,,,,,,,,,,,,,,,,,,,,,,,,,,,,,,,,,,,,,1264,1313,1183,1266,1321,1459,1249,1255,1590,1750,1415,1304,1174,1456,1303,1288,997,1053,1076,1286,1372,1483,1395,1495,1448,1423,1497,1455,1550,1478,1616,1674,1900,1888,2002,2072,2008,2111,2052,2019,1983,2065,2219,2382,2578,2734,2736,2835,2783,2875,2812,2856,2862,2921,3235,3129,3186,3349,3022,2151,2154,2195,2119,2168,2074,1944,1862,1804,1562,1499,1437,1364,1324,1280,1293,1314,1340,1375,1398,1634,1520,1532,1510,1516,1923,1600,1631,1652,1674
Panama,,,,,,,,,,,,,,,,,,,,,,,,,,,,,,,,,,,,,,,,,,,,,,,,,,,,,,,,,,,,,,,,,,,,,,,,,,,,,,,,,,,,,,,,,,,,,,,,,,,,,,,,,,,,,,,,,,,,,,,,,,,,,,,,,,,2113,2155,2200,2024,2031,1916,1851,1901,1969,1993,2055,2108,2270,2241,2322,2391,2574,2710,2882,2920,3085,3219,3388,3531,3699,3814,4010,4109,4248,4230,4196,4162,4097,4419,4510,5082,5186,5362,5292,5164,5295,5360,5383,4455,4352,4466,4773,5064,5230,5288,5286,5309,5433,5543,5618,5655,5587,5615,5731,5870,5942,6099,6410,6675
Paraguay,,,,,,,,,,,,,,,,,,,,,,,,,,,,,,,,,,,,,,,,,,,,,,,,,,,,,,,,,,,,,,,,,,,,,,,,,,,,,,,,,,,,,,,,,,,,,,,,,,,,,,,,,,,,,,,,,,,,,,,,,,,,,1894,1752,1741,1800,1796,1792,1690,1815,1542,1524,1740,1584,1573,1506,1509,1495,1523,1547,1578,1625,1581,1555,1588,1657,1659,1687,1739,1712,1774,1789,1810,1872,1902,1946,2038,2143,2219,2313,2504,2717,2952,3301,3494,3281,3093,3100,3131,3038,3079,3185,3276,3281,3268,3230,3266,3270,3325,3276,3271,3172,3103,3011,2994,2916,2951,2996,3007,3060,3190,3295
Puerto Rico ,,,,,,,,,,,,,,,,,,,,,,,,,,,,,,,,,,,,,,,,,,,,,,,,,,,,,,,,,,,,,,,,,,,,,,,,,,,,,,,,,,,,,,,,,,,,,,,,,,,,,,,,,,,,,,,,,,,,,,,,,,,,,,,,,,,,,,,,2144,2205,2341,2471,2561,2649,2840,2968,3002,3239,3421,3677,3881,4201,4401,4719,4993,5264,5463,5840,6349,6642,6930,7302,7247,6946,7093,7422,7819,8164,8183,8195,7848,7797,8283,8373,8974,9330,9850,10246,10539,10706,11123,11542,11913,12341,12606,12914,13251,13738,14113,14333,14330,14488,14656,14985,15297,15314,15074
Trinidad and Tobago ,,,,,,,,,,,,,,,,,,,,,,,,,,,,,,,,,,,,,,,,,,,,,,,,,,,,,,,,,,,,,,,,,,,,,,,,,,,,,,,,,,,,,,,,,,,,,,,,,,,,,,,,,,,,,,,,,,,,,,,,,,,,,,,,,,,,,,,,3674,3894,3941,3954,3914,4316,5059,5344,5609,5743,6251,6371,6514,6718,6801,7030,7234,7327,7684,7897,8244,8272,8628,8685,9053,9118,9847,10296,11319,11649,12380,12734,11776,10654,11092,10459,9957,9366,8907,8764,8853,9126,8997,8882,9255,9642,10025,10352,10866,11632,12220,12769,13209,15160,16412,17327,19854,20801,21314
Total 15 Latin American countries,,,,,,636,,,,,,,,,,,,,,,,,,,,,,,,,,,,,,,,,,,,,,,,,,,,,,,,,,486,,,,,,,,,,,,,,,,,,,,,,,,,,,,,,778,,,,,,,,,,,,,1038,,,,,,,,,,,,,,,,,,,,,,,,,,,,,,,,,,,,,1750,1793,1853,1801,1834,1874,1947,2028,2042,2007,2049,2067,2137,2187,2237,2292,2356,2436,2466,2522,2588,2670,2768,2908,2996,3009,3112,3222,3333,3358,3388,3414,3302,3223,3255,3224,3215,3189,3212,3244,3244,3229,3232,3230,3278,3342,3388,3460,3515,3550,3523,3556,3563,3621,3739,3826,3969,4097,4178
Total 21 small Caribbean countries ,,,,,,636,,,,,,,,,,,,,,,,,,,,,,,,,,,,,,,,,,,,,,,,,,,,,,,,,,549,,,,,,,,,,,,,,,,,,,,,,,,,,,,,,845,,,,,,,,,,,,,1174,,,,,,,,,,,,,,,,,,,,,,,,,,,,,,,,,,,,,2533,2614,2697,2786,2871,2961,3059,3160,3261,3365,3478,3614,3755,3864,3996,4134,4278,4430,4584,4755,4948,5135,5304,5553,5569,5639,5715,5768,5812,5868,5935,5975,5998,6029,6061,6097,6140,6190,6237,6282,6322,6441,6553,6660,6768,6877,6995,7113,7229,7356,7356,7219,7215,7304,7450,7997,8381,8753,9043
Total Latin America,400,400,416,438,527,691,,,,,,,,,,,,,,,,,,,,,,,,,,,,,,,,,,,,,,,,,,,,,,,,,,676,,,,,,,,,,,,,,,,,,,,,,,,,,,,,,1113,,,,,,,,,,,,,1494,,,,,,,,,,,,,,,,,,,,,,,,,,,1933,,,,,,,,,,2510,2575,2595,2619,2702,2805,2848,2979,3047,3023,3136,3197,3238,3245,3372,3447,3523,3585,3699,3835,3996,4128,4284,4518,4673,4710,4856,4971,5070,5271,5438,5355,5177,4934,5016,5064,5166,5223,5166,5131,5065,5161,5234,5323,5506,5493,5592,5791,5835,5766,5889,5846,5747,5786,6063,6266,6531,6784,6973
China ,450,466,600,600,600,600,,,,,,,,,,,,,,,,,,,,,,,,,,,,,,600,,,,,,,,,,,,,,,,,,,,530,,,,,,,,,,,,,,,,,,,,540,,,,,,,,,,545,,,,,,,,,,,,,552,,,,,,,,,,,,,,,,562,568,569,583,579,525,565,597,580,562,,,,,,,,,,,,448,491,538,552,557,577,616,636,690,686,662,553,550,590,645,702,746,707,675,713,778,795,798,838,835,871,853,894,978,1039,1061,1110,1186,1258,1396,1519,1597,1737,1830,1834,1871,1967,2132,2312,2515,2863,2892,3013,2993,3162,3421,3759,4197,4803,5169,5575,6048,6303,6725
India ,450,450,550,550,550,533,,,,,,,,,,,,,,,,,,,,,,,,,,,,,,533,,,,,,,,,,,,,,,,,,,,533,,,,,,,,,,,,,,551,567,548,572,576,559,584,529,571,584,592,577,533,630,630,580,599,608,655,660,659,643,657,614,619,700,697,691,689,673,709,691,710,697,607,690,635,679,701,671,697,698,713,706,706,728,726,711,709,700,697,680,697,676,668,674,686,691,679,698,683,664,622,618,617,624,619,623,629,657,672,676,701,680,716,717,753,758,758,779,821,771,762,807,809,845,868,856,834,853,843,897,889,937,966,895,938,977,985,1043,1060,1079,1101,1125,1216,1270,1309,1303,1345,1399,1474,1553,1645,1693,1771,1845,1892,1966,2001,2134,2278,2423,2617,2817,2975
Indonesia (including Timor until 1999),,,565,,580,612,,,,,,,,,,,,,,,,,,,,,,,,,,,,,,637,,,,,,,,,,,,,,,,,,,,578,575,574,583,592,595,605,607,593,598,601,635,602,590,644,646,635,636,635,631,612,619,638,650,654,662,651,653,654,686,704,688,671,701,708,711,726,736,730,761,803,839,838,874,864,866,870,864,883,944,923,921,926,930,969,991,1034,1092,1130,1147,1141,1037,1007,983,971,987,1039,1119,1120,1109,1165,1182,,,,,,,,763,803,851,879,910,952,964,962,1012,960,985,1012,1060,1037,977,993,983,963,922,991,1091,1181,1221,1328,1490,1530,1497,1591,1675,1711,1763,1870,1957,1845,1878,1966,1972,2051,2114,2196,2351,2514,2602,2840,2994,3169,3369,3584,3704,3172,3147,3276,3358,3456,3582,3709,3870,4030,4228,4428
Japan ,400,425,500,520,570,669,,,,,,,,,,,,,,,,,,,,,,,,,,,,,,679,,,,,,,,,,,,,,,,,,,,737,742,746,751,756,810,785,803,794,835,863,829,844,837,836,860,916,952,900,933,1012,956,1013,1008,1119,1123,1051,1062,1249,1143,1180,1206,1129,1193,1188,1157,1297,1325,1318,1301,1304,1356,1384,1387,1327,1430,1630,1665,1668,1827,1696,1860,1831,1809,1836,1885,1872,1870,1992,2026,1850,1837,1962,2122,2098,2120,2244,2315,2449,2816,2874,2873,2818,2822,2659,1346,1444,1541,1725,1800,1921,2126,2336,2474,2582,2771,2948,3136,3289,3554,3986,4426,4777,5129,5668,5934,6506,7152,7983,8874,9714,10040,10734,11434,11145,11344,11669,12064,12585,13163,13428,13754,14078,14307,14773,15331,15679,16251,17185,17943,18789,19355,19482,19478,19637,19979,20616,20929,20267,20198,20738,20736,20755,21092,21576,21976,22420,22950,22816
Philippines,,,,,,584,,,,,,,,,,,,,,,,,,,,,,,,,,,,,,,,,,,,,,,,,,,,,,,,,,624,,,,,,,,,,,,,,,,,,,,,,,,,,,,,,,,673,804,679,709,722,747,775,775,874,913,911,988,952,875,1003,1148,1286,1212,1289,1235,1357,1250,1338,1323,1364,1366,1392,1413,1382,1360,1388,1368,1348,1227,1364,1428,1440,1508,1507,,,,,,646,875,993,1025,1070,1151,1186,1254,1308,1358,1410,1442,1448,1501,1476,1512,1537,1595,1600,1633,1654,1690,1722,1750,1764,1808,1853,1964,1979,2033,2152,2211,2262,2323,2376,2396,2421,2407,2176,1967,1983,2019,2105,2184,2197,2136,2099,2099,2144,2194,2267,2331,2267,2293,2377,2364,2413,2479,2581,2656,2741,2877,2926
South Korea ,,,,,,600,,,,,,,,,,,,,,,,,,,,,,,,,,,,,,,,,,,,,,,,,,,,,,,,,,604,,,,,,,,,,,,,,,,,,,,,,,,,,,,,,,,,,,,,,,,,815,843,869,902,1048,1018,1118,1196,1265,1092,1169,1065,1131,1129,1119,1152,1191,1190,1118,1049,1046,1039,1247,1236,1337,1437,1561,1619,1439,1600,1598,1566,1566,1476,683,686,719,768,819,854,787,835,1072,1124,1169,1149,1206,1234,1243,1226,1247,1245,1316,1390,1436,1569,1645,1812,2040,2167,2332,2456,2824,3015,3162,3476,3775,4064,4294,4114,4302,4557,5007,5375,5670,6263,6916,7621,8027,8704,9404,9803,10232,10974,11850,12579,13066,12282,13350,14375,14947,15764,16177,16873,17493,18357,19243,19614
Thailand ,,,,,,570,,,,,,,,,,,,,,,,,,,,,,,,,,,,,,,,,,,,,,,,,,,,,,,,,,608,,,,,,,,,,,,,,,,,,,,784,,,,,,,,,,,,,,,,,,,,,,,841,,,,,,,,,,,,,,,,793,,,,,,,,,826,,,,,,,,,,,,817,849,869,935,898,945,930,910,914,992,1078,1100,1149,1205,1249,1308,1412,1486,1561,1636,1694,1725,1748,1874,1910,1959,2091,2249,2422,2496,2554,2654,2745,2847,2961,3050,3170,3421,3820,4225,4633,4964,5295,5666,6098,6577,6883,6712,5945,6154,6398,6487,6782,7195,7593,7886,8238,8584,8750
Taiwan,,,,,,550,,,,,,,,,,,,,,,,,,,,,,,,,,,,,,,,,,,,,,,,,,,,,,,,,,550,,,,,,,,,,,,,,,,,,,,,,,,,,,,,,,614,614,728,693,560,591,654,675,753,766,716,673,732,706,735,792,888,849,872,861,888,983,1001,1075,1115,1112,1092,1100,1133,1150,1136,1175,1114,1145,1235,1278,1258,1306,1251,1134,1059,1080,977,831,453,489,561,694,771,916,949,1028,1084,1145,1189,1208,1253,1290,1329,1353,1398,1459,1545,1679,1810,1916,2070,2186,2334,2537,2804,3113,3448,3422,3522,3918,4236,4717,4998,5260,5489,5590,5979,6521,6762,7477,8598,8898,9538,9938,10577,11256,11929,12660,13354,14052,14835,15371,16078,16872,16354,16855,17356,18350,19055,19899,20962,20926
Bangladesh,,,,,,,,,,,,,,,,,,,,,,,,,,,,,,,,,,,,,,,,,,,,,,,,,,,,,,,,,,,,,,,,,,,,,,,,,,,,,,,,,,,,,,,,,,,,,,,,,,,,,,,,,,,,,,,,,,,,,,,,,,,,,,,,,,,,,,,,540,541,548,547,547,508,551,530,510,526,545,564,550,594,589,608,604,578,619,615,630,586,506,497,547,529,541,529,551,561,549,551,545,559,576,580,592,602,605,606,631,637,655,670,683,702,720,744,768,790,822,851,873,905,948,993,1044,1095,1146
Burma ,,,,,,504,,,,,,,,,,,,,,,,,,,,,,,,,,,,,,,,,,,,,,,,,,,,,,,,,,504,,,,,,,,,,,,,,,,,,,,,,,,,,,,,,,699,,,,,566,,,,,607,,685,,,823,,,,,711,,,,,814,,,,,902,,,,,838,,740,,,,,,,,,,,,396,446,449,454,419,467,490,510,488,555,564,567,606,613,612,617,580,586,612,626,642,650,642,628,648,663,692,720,756,778,828,859,889,910,936,945,919,867,757,774,786,771,837,878,930,981,1030,1076,1125,1234,1389,1530,1697,1913,2150,2417,2711,3009,3104
Hong Kong,,,,,,615,,,,,,,,,,,,,,,,,,,,,,,,,,,,,,,,,,,,,,,,,,,,,,,,,,683,,,,,,,,,,,,,,,,,,,,,,,,,,,,,,,,,,,,,,,,,,,1279,,,,,,,,,,,,,,,,,,,,,,,,,,,,,,,,,,,,,2218,2295,2377,2460,2546,2636,2729,2825,2924,3027,3134,3244,3652,4083,4327,4825,4865,4824,4880,5345,5695,5968,6473,7105,7091,6991,7906,8707,9277,9796,10503,11202,11333,11797,12846,12763,13960,15597,16716,17043,17541,18323,19270,20131,20770,21029,21364,22087,20834,21367,23328,23246,23513,24098,25997,27667,29426,31130,31704
Malaysia ,,,,,,603,,,,,,,,,,,,,,,,,,,,,,,,,,,,,,,,,,,,,,,,,,,,,,,,,,663,,,,,,,,,,,,,,,,,,,,,,,,,,,,,,,,,,,,,,,,,801,822,900,920,938,996,1034,969,1158,1110,1075,1152,1110,1060,1201,1316,1251,1389,1682,1636,1548,1397,1440,1540,1364,1478,1308,1361,1609,1278,1238,1673,,,,,1069,1185,1531,1559,1440,1471,1440,1490,1460,1505,1455,1413,1467,1530,1592,1637,1669,1728,1804,1846,1830,1942,2005,2079,2180,2289,2560,2688,2648,2910,3076,3271,3457,3657,3824,3954,4096,4308,4157,4105,4218,4482,4789,5131,5494,5847,6278,6702,7199,7747,8139,7383,7673,8162,8027,8198,8512,8931,9235,9597,10013,10292
Nepal ,,,,,,397,,,,,,,,,,,,,,,,,,,,,,,,,,,,,,,,,,,,,,,,,,,,,,,,,,397,,,,,,,,,,,,,,,,,,,,,,,,,,,,,,,,,,,,,,,,,,,539,,,,,,,,,,,,,,,,,,,,,,,,,,,,,,,,,,,,,496,505,517,543,549,554,572,566,592,601,607,613,618,623,626,631,663,641,633,649,653,633,640,625,651,647,662,668,682,683,652,637,699,662,708,733,745,754,792,789,825,854,863,870,914,919,941,953,947,955,994,1026,1004,1017,1036,1053,1077,1097,1134
Pakistan,,,,,,,,,,,,,,,,,,,,,,,,,,,,,,,,,,,,,,,,,,,,,,,,,,,,,,,,,,,,,,,,,,,,,,,,,,,,,,,,,,,,,,,,,,,,,,,,,,,,,,,,,,,,,,,,,,,,,,,,,,,,,,,,,,,,,,,,643,608,596,637,636,635,638,650,643,633,647,669,699,723,758,771,812,820,854,885,952,931,913,954,962,978,1006,1023,1079,1087,1161,1207,1256,1303,1321,1399,1444,1483,1532,1560,1588,1631,1715,1711,1732,1773,1810,1782,1782,1803,1814,1799,1820,1872,1974,2084,2166,2240,2239
Singapore ,,,,,,83,,,,,,,,,,,,,,,,,,,,,,,,,,,,,,,,,,,,,,,,,,,,,,,,,,682,,,,,,,,,,,,,,,,,,,,,,,,,,,,,,,,,,,,,,,,,,,1279,,,,,,,,,,,,,,,,,,,,,,,,,,,,,,,,,,,,,2219,2253,2280,2314,2320,2358,2333,2318,2295,2186,2310,2422,2520,2701,2541,2667,2891,3163,3540,3965,4439,4904,5460,5977,6276,6430,6797,7224,7752,8362,9058,9450,9654,10298,10938,10710,10900,11743,12718,13475,14220,14711,15252,16647,18005,18822,19638,20588,19861,20886,22518,21642,21699,21958,23467,24772,26455,28138,28107
Sri Lanka,,,,,,550,,,,,,,,,,,,,,,,,,,,,,,,,,,,,,564,,,,,,,,,,,,,,,,,,,,851,827,785,788,775,781,789,793,718,770,831,887,935,941,905,842,810,945,921,902,1045,1037,1052,1052,1043,1085,1088,1125,1168,1234,1290,1192,1175,1225,1215,1179,1190,1233,1221,1153,1208,1160,1157,1234,1210,1136,1173,1218,1107,1166,1092,1059,1086,1066,1128,1187,1266,1261,1257,1336,1265,1203,1141,1150,1260,1184,1175,1247,1225,1186,1251,1277,1323,1284,1154,1116,1050,1073,1159,1199,1253,1293,1313,1299,1296,1337,1312,1297,1301,1285,1295,1286,1297,1291,1320,1329,1284,1368,1437,1461,1499,1457,1460,1492,1517,1527,1546,1620,1690,1766,1830,1913,1977,2050,2125,2186,2263,2252,2279,2307,2424,2507,2586,2727,2841,2960,3039,3201,3318,3428,3597,3504,3601,3771,3934,4137,4410,4663,4895
Total 16 East Asian countries ,,,,,,580,,,,,,,,,,,,,,,,,,,,,,,,,,,,,,,,,,,,,,,,,,,,,,,,,,546,,,,,,,,,,,,,,,,,,,,,,,,,,,,,,608,,,,,,,,,,,,,678,,,,,,,,,,,,,,,,,,,,,,,,,,,,,,,,,,,,,666,702,742,774,791,814,852,869,907,926,958,948,971,1016,1086,1114,1165,1196,1239,1327,1417,1440,1479,1562,1549,1589,1617,1685,1774,1819,1863,1924,1974,2041,2137,2218,2291,2406,2537,2613,2704,2789,2906,3021,3167,3384,3485,3574,3485,3592,3768,3922,4125,4439,4690,4934,5232,5457,5673
Afghanistan,,,,,,,,,,,,,,,,,,,,,,,,,,,,,,,,,,,,,,,,,,,,,,,,,,,,,,,,,,,,,,,,,,,,,,,,,,,,,,,,,,,,,,,,,,,,,,,,,,,,,,,,,,,,,,,,,,,,,,,,,,,,,,,,,,,,,,,,645,653,664,692,694,695,713,699,723,729,739,730,726,723,720,720,710,712,719,713,709,659,630,684,703,721,737,669,704,689,690,764,833,863,847,819,878,726,656,640,604,601,553,476,426,512,526,541,556,571,565,507,619,668,685,758,790,863,869
Cambodia ,,,,,,,,,,,,,,,,,,,,,,,,,,,,,,,,,,,,,,,,,,,,,,,,,,,,,,,,,,,,,,,,,,,,,,,,,,,,,,,,,,,,,,,,,,,,,,,,,,,,,,,,,,,,,,,,,,,,,,,,,,,,,,,,,,,,,,,,482,486,504,497,542,518,572,594,608,650,671,647,680,712,674,687,700,717,730,722,647,615,577,777,658,580,643,717,810,831,828,816,852,886,926,966,990,935,924,913,881,915,937,931,936,974,1005,1011,1004,1092,1148,1191,1235,1276,1800,2006,2185,2367,2482
Laos,,,,,,,,,,,,,,,,,,,,,,,,,,,,,,,,,,,,,,,,,,,,,,,,,,,,,,,,,,,,,,,,,,,,,,,,,,,,,,,,,,,,,,,,,,,,,,,,,,,,,,,,,,,,,,,,,,,,,,,,,,,,,,,,,,,,,,,,613,621,628,635,642,649,655,661,667,673,679,686,692,698,705,712,719,726,733,740,748,755,763,770,777,784,804,821,836,856,876,891,899,904,911,918,921,923,925,927,929,931,953,1020,1054,1079,1077,1105,1110,1167,1203,1241,1281,1322,1373,1435,1519,1594,1669
Mongolia ,,,,,,,,,,,,,,,,,,,,,,,,,,,,,,,,,,,,,,,,,,,,,,,,,,,,,,,,,,,,,,,,,,,,,,,,,,,,,,,,,,,,,,,,,,,,,,,,,,,,,,,,,,,,,,,,,,,,,,,,,,,,,,,,,,,,,,,,435,447,462,476,490,505,520,536,552,569,586,603,621,640,659,679,699,720,742,764,787,811,835,860,886,912,939,968,997,1027,1058,1115,1175,1210,1247,1282,1364,1374,1405,1403,1332,1181,1047,998,1003,1046,1050,1074,1093,1075,1059,1043,1028,1013,1062,1047,1031,1016,1001
North Korea ,,,,,,600,,,,,,,,,,,,,,,,,,,,,,,,,,,,,,,,,,,,,,,,,,,,,,,,,,604,,,,,,,,,,,,,,,,,,,,,,,,,,,,,,,,,,,,,,,,,,,869,,,,,,,,,,,,,,,,,,,,,,,,,,,,,,,,,,,,,854,709,753,966,1013,1054,1036,1087,1112,1120,1105,1124,1122,1186,1253,1295,1415,1483,1633,1839,1954,2522,2561,2824,2841,2841,2841,2841,2841,2841,2841,2841,2841,2841,2841,2841,2841,2841,2841,2841,2841,2841,2578,2541,1850,1521,1254,1176,1185,1199,1190,1177,1166,1156,1148,1140,1133,1127,1122
Vietnam,,,,,,527,,,,,,,,,,,,,,,,,,,,,,,,,,,,,,,,,,,,,,,,,,,,,,,,,,505,,,,,,,,,,,,,,,,,,,,,,,,,,,,,,,,,,,,,,,,,,,727,,,,,,,,,,,,,,,,,,,,,,,,,,,,,,,,,,,,,658,676,694,712,732,750,764,775,785,792,799,812,885,882,895,877,859,731,699,739,735,754,802,836,783,710,809,818,806,795,757,767,811,836,891,923,929,941,976,996,1025,1063,1134,1203,1286,1385,1491,1589,1658,1715,1809,1911,2023,2147,2290,2456,2630,2825,2970
Total 24 Small East Asian countries,,,,,,556,,,,,,,,,,,,,,,,,,,,,,,,,,,,,,,,,,,,,,,,,,,,,,,,,,535,,,,,,,,,,,,,,,,,,,,,,,,,,,,,,,,,,,,,,,,,,,752,,,,,,,,,,,,,,,,,,,,,,,,,,,,,,,,,,,,,1385,1410,1467,1468,1489,1510,1535,1561,1581,1603,1632,1675,1681,1729,1758,1803,1844,1863,1923,1961,2082,2188,2247,2396,2471,2446,2468,2451,2516,2639,2522,2473,2453,2457,2429,2468,2522,2547,2575,2602,2543,2593,2654,2719,2779,2843,2905,2966,2951,3115,3050,3009,3259,3407,3560,3718,3901,4024,4140
Total 30 East Asian countries ,,,,,,556,,,,,,,,,,,,,,,,,,,,,,,,,,,,,,,,,,,,,,,,,,,,,,,,,,535,,,,,,,,,,,,,,,,,,,,,,,,,,,,,,,,,,,,,,,,,,,752,,,,,,,,,,,,,,,,,,,,,,,,,,,,,,,,,,,,,710,696,718,765,787,802,816,832,847,858,865,874,913,927,943,945,958,908,923,979,998,1099,1128,1223,1197,1155,1216,1215,1225,1227,1205,1225,1263,1282,1309,1327,1343,1329,1339,1346,1350,1372,1358,1371,1298,1316,1337,1383,1420,1471,1519,1564,1652,1726,1846,1962,2077,2208,2296
Bahrain ,,,,,,,,,,,,,,,,,,,,,,,,,,,,,,,,,,,,,,,,,,,,,,,,,,,,,,,,,,,,,,,,,,,,,,,,,,,,,,,,,,,,,,,,,,,,,,,,,,,,,,,,,,,,,,,,,,,,,,,,,,,,,,,,,,,,,,,,2104,2185,2267,2351,2436,2518,2599,2674,2739,2796,2843,2882,2931,2994,3073,3173,3283,3402,3520,3646,3788,3983,4198,4376,4574,3922,4313,4444,4415,4222,4388,4313,4414,4542,4557,4374,4316,4257,4267,4235,4104,4170,4374,4611,4481,4540,4619,4663,4787,4899,5059,5200,5378,5673,5896,6266,6588,7020,7348
Iran,500,650,600,,600,588,,,,,,,,,,,,,,,,,,,,,,,,,,,,,,,,,,,,,,,,,,,,,,,,,,719,,,,,,,,,,,,,,,,,,,,,,,,,,,,,,,,,,,,,,,,,,,1000,,,,,,,,,,,,,,,,,,,,,,,,,,,,,,,,,,,,,1720,1674,1629,1588,1546,1504,1594,1767,1918,2024,2156,2272,2250,2426,2526,2753,2940,3176,3550,3897,4189,4577,5174,5462,5778,5883,6691,6402,5464,4817,3974,3693,4100,4459,4361,4299,3754,3584,3293,3327,3526,3759,3908,3980,4069,4162,4359,4535,4580,4635,4838,4979,5188,3995,5810,6045,6367,6824,6944
Iraq ,500,650,550,,550,588,,,,,,,,,,,,,,,,,,,,,,,,,,,,,,,,,,,,,,,,,,,,,,,,,,719,,,,,,,,,,,,,,,,,,,,,,,,,,,,,,,,,,,,,,,,,,,1000,,,,,,,,,,,,,,,,,,,,,,,,,,,,,,,,,,,,,1364,1445,1557,2129,2463,2298,2389,2300,2493,2523,2735,2961,3017,2872,3115,3288,3349,3164,3604,3604,3473,3567,3323,3753,3825,4315,5023,4992,5693,6756,6377,5041,4833,4269,4136,3932,3759,3797,2908,2571,2458,947,1196,1161,1070,945,1032,962,1075,1132,1221,1294,1346,1023,995,962,994,983,1049
Israel ,,,,,,,,,,,,,,,,,,,,,,,,,,,,,,,,,,,,,,,,,,,,,,,,,,,,,,,,,,,,,,,,,,,,,,,,,,,,,,,,,,,,,,,,,,,,,,,,,,,,,,,,,,,,,,,,,,,,,,,,,,,,,,,,,,,,,,,,2817,3159,3029,2910,3374,3701,3860,3992,4109,4501,4663,4996,5267,5593,5916,6272,6190,6222,7033,7723,8101,8711,9478,9645,10025,10148,10071,9863,10125,10515,10984,11357,11390,11586,11484,11672,12020,12670,12708,12604,13067,13303,13697,13666,14333,14799,15040,15137,15192,15235,16172,15755,15370,15427,15921,16422,16980,17549,17937
Jordan ,,,,,,590,,,,,,,,,,,,,,,,,,,,,,,,,,,,,,,,,,,,,,,,,,,,,,,,,,718,,,,,,,,,,,,,,,,,,,,,,,,,,,,,,,,,,,,,,,,,,,1000,,,,,,,,,,,,,,,,,,,,,,,,,,,,,,,,,,,,,1663,1695,1726,1757,1787,1625,2139,2104,2220,2287,2330,2685,2620,2649,2981,3183,3137,3059,2674,2773,2395,2366,2355,2388,2506,2583,3096,3182,3718,3919,4480,4502,4643,4556,4767,4754,5002,4963,4750,4103,3792,3486,3829,3932,4029,4164,4093,4067,4044,4046,4089,4176,4290,4345,4592,4836,5092,5412,5702
Kuwait ,,,,,,,,,,,,,,,,,,,,,,,,,,,,,,,,,,,,,,,,,,,,,,,,,,,,,,,,,,,,,,,,,,,,,,,,,,,,,,,,,,,,,,,,,,,,,,,,,,,,,,,,,,,,,,,,,,,,,,,,,,,,,,,,,,,,,,,,28878,29777,30023,31361,33200,32257,32876,31447,29907,29568,28813,26112,26443,25331,25303,23533,24050,22409,22300,20963,30695,30930,30291,26689,21934,18162,18166,16417,16539,17675,13271,10290,8685,8966,9024,8165,8475,7789,7727,7968,6121,8108,9677,12412,12872,12454,11529,11164,10542,9976,10083,9765,9726,10959,11711,12519,12708,12572,12894
Lebanon ,,,,,,657,,,,,,,,,,,,,,,,,,,,,,,,,,,,,,,,,,,,,,,,,,,,,,,,,,845,,,,,,,,,,,,,,,,,,,,,,,,,,,,,,,,,,,,,,,,,,,1350,,,,,,,,,,,,,,,,,,,,,,,,,,,,,,,,,,,,,2429,2121,2193,2457,2745,2886,2744,2717,2269,2395,2393,2482,2507,2459,2534,2706,2804,2592,2831,2810,2917,3001,3176,3155,3502,3460,3523,3613,3709,3506,3524,3362,3134,3100,3165,3245,3101,2169,1968,1964,1936,2638,2733,2896,3091,3249,3331,3416,3469,3393,3403,3507,3573,3670,3890,3936,3910,4152,4453
Oman,,,,,,,,,,,,,,,,,,,,,,,,,,,,,,,,,,,,,,,,,,,,,,,,,,,,,,,,,,,,,,,,,,,,,,,,,,,,,,,,,,,,,,,,,,,,,,,,,,,,,,,,,,,,,,,,,,,,,,,,,,,,,,,,,,,,,,,,623,650,677,707,736,766,799,831,866,900,935,923,1084,1103,1075,1053,1080,1749,3094,3782,3799,3716,3934,3279,3541,4267,4597,4390,4086,4044,4072,4523,4800,5346,5976,6545,6442,6712,6670,6708,6479,6606,6898,7048,7070,7159,7115,7298,7240,6979,7113,7387,7324,7221,7359,7466,7657,7982,8332
Qatar,,,,,,,,,,,,,,,,,,,,,,,,,,,,,,,,,,,,,,,,,,,,,,,,,,,,,,,,,,,,,,,,,,,,,,,,,,,,,,,,,,,,,,,,,,,,,,,,,,,,,,,,,,,,,,,,,,,,,,,,,,,,,,,,,,,,,,,,30387,30523,30107,30919,32302,31137,31762,31351,31394,32896,32810,30437,29049,28176,26466,25785,31782,34860,36393,35280,32573,37473,39157,42916,36132,34421,34611,28858,29531,28737,28771,23405,18222,14521,12769,10388,8081,8042,7837,7614,7343,7076,7495,7234,7180,7179,7317,8832,9245,9320,9844,9958,9787,9925,11163,11773,13255,15051,17311
Saudi Arabia ,,,,,,,,,,,,,,,,,,,,,,,,,,,,,,,,,,,,,,,,,,,,,,,,,,,,,,,,,,,,,,,,,,,,,,,,,,,,,,,,,,,,,,,,,,,,,,,,,,,,,,,,,,,,,,,,,,,,,,,,,,,,,,,,,,,,,,,,2231,2374,2470,2664,2912,2922,3075,3119,3204,3458,3719,4066,4445,4715,5005,5469,6102,6463,6848,7170,7624,8475,9497,11040,12333,11787,12106,13064,12919,12843,13217,13421,12883,10863,10253,9048,8091,8105,8027,8004,8993,9602,9498,8860,8415,8091,7942,7872,7783,7509,7650,7469,7273,7629,7835,8079,8152,8244,8435
Syria ,,,,,,658,,,,,,,,,,,,,,,,,,,,,,,,,,,,,,,,,,,,,,,,,,,,,,,,,,844,,,,,,,,,,,,,,,,,,,,,,,,,,,,,,,,,,,,,,,,,,,1350,,,,,,,,,,,,,,,,,,,,,,,,,,,,,,,,,,,,,2409,2264,2786,3084,3453,3039,3508,3627,3039,3062,3023,3168,3796,3673,3637,3512,3139,3291,3306,3801,3540,3759,4544,4017,4821,5570,5976,5705,5998,6010,6508,6891,6786,6638,6143,6290,5772,5681,6219,5480,5701,5909,6152,6623,6946,7177,7481,7469,7829,7392,7368,7448,7691,7585,7611,7767,7976,8125,8360
Turkey ,550,600,600,600,600,643,,,,,,,,,,,,,,,,,,,,,,,,,,,,,,,,,,,,,,,,,,,,,,,,,,825,,,,,,,,,,,,,,,,,,,,,,,,,,,,,,,,,,,,,,,,,,,1213,,,,,,,,,,712,846,936,1079,974,1063,1213,1249,1302,1205,1342,1351,1357,1588,1612,1724,1814,1675,1508,1557,1398,1324,1133,1430,1476,1637,1519,1623,1784,1947,2108,1993,2093,2097,2194,2222,2252,2247,2221,2297,2454,2496,2504,2735,2795,2917,3002,3078,3282,3412,3477,3665,3895,4138,4224,4255,4133,4022,4087,4182,4230,4367,4485,4695,4998,5086,5041,5399,5346,5562,5902,5482,5775,6073,6421,6508,6101,6446,5869,6234,6499,6974,7449,7850,8104,8066
United Arab Emirates ,,,,,,,,,,,,,,,,,,,,,,,,,,,,,,,,,,,,,,,,,,,,,,,,,,,,,,,,,,,,,,,,,,,,,,,,,,,,,,,,,,,,,,,,,,,,,,,,,,,,,,,,,,,,,,,,,,,,,,,,,,,,,,,,,,,,,,,,15798,16709,17246,18418,19884,19683,20377,20282,20372,21426,22433,23180,24250,25025,25676,26164,26483,26610,26374,25495,24552,24806,24806,24887,28449,25465,25598,26296,22545,24802,27709,26635,22983,20538,20160,18546,13770,13480,12682,13220,13961,13191,12759,11904,12172,12392,12447,12568,12391,12117,12929,12496,12206,13023,13642,14115,14793,15094,15589
Yemen ,,,,,,,,,,,,,,,,,,,,,,,,,,,,,,,,,,,,,,,,,,,,,,,,,,,,,,,,,,,,,,,,,,,,,,,,,,,,,,,,,,,,,,,,,,,,,,,,,,,,,,,,,,,,,,,,,,,,,,,,,,,,,,,,,,,,,,,,911,918,924,930,936,942,946,951,955,959,964,969,975,984,989,996,1007,1019,1028,1040,1230,1414,1495,1640,1696,1784,2003,2162,2281,2342,2290,2363,2336,2401,2422,2332,2311,2329,2351,2353,2272,2197,2220,2200,2168,2327,2389,2500,2538,2548,2617,2626,2638,2644,2657,2711,2702,2697,2699
West Bank and Gaza ,,,,,,614,,,,,,,,,,,,,,,,,,,,,,,,,,,,,,,,,,,,,,,,,,,,,,,,,,751,,,,,,,,,,,,,,,,,,,,,,,,,,,,,,,,,,,,,,,,,,,1250,,,,,,,,,,,,,,,,,,,,,,,,,,,,,,,,,,,,,960,997,1034,1074,1117,1157,1197,1240,1270,1330,1393,1418,1476,1537,1603,1676,1808,1768,1635,1730,1865,1909,1978,2053,2147,2229,2284,2348,2420,2487,2528,2573,2628,2708,2786,2857,2944,3040,3147,3246,3353,3514,3689,3869,4082,4293,4562,4823,5081,5338,5130,3963,3061,2574,2485,2392,2318,2247,2178
Total 15 West Asian countries ,522,621,590,591,591,607,,,,,,,,,,,,,,,,,,,,,,,,,,,,,,,,,,,,,,,,,,,,,,,,,,742,,,,,,,,,,,,,,,,,,,,,,,,,,,,,,,,,,,,,,,,,,,1042,,,,,,,,,,,,,,,,,,,,,,,,,,,,,,,,,,,,,1776,1840,1937,2074,2119,2117,2201,2291,2328,2413,2494,2580,2687,2805,2911,3033,3211,3320,3578,3786,3999,4305,4650,4855,5151,5310,5781,5793,5660,5612,5398,5242,5288,5198,5141,5046,4799,4838,4718,4590,4859,4854,5040,5172,5096,5223,5393,5551,5620,5465,5684,5527,5665,5451,6108,6368,6618,6850,6947
Total Asia ,456,470,568,574,572,581,,,,,,,,,,,,,,,,,,,,,,,,,,,,,,,,,,,,,,,,,,,,,,,,,,553,,,,,,,,,,,,,,,,,,,,,,,,,,,,,,638,,,,,,,,,,,,,695,,,,,,,,,,,,,,,,,,,,,,,,,,,894,,,,,,,,,,715,751,794,831,849,872,911,932,969,992,1026,1023,1051,1099,1169,1201,1256,1288,1342,1434,1528,1569,1623,1714,1717,1762,1816,1881,1957,1998,2029,2080,2132,2191,2278,2349,2403,2509,2621,2683,2783,2859,2976,3087,3210,3414,3515,3607,3536,3624,3798,3927,4121,4389,4662,4901,5187,5408,5611
Algeria ,450,,,,,430,,,,,,,,,,,,,,,,,,,,,,,,,,,,,,,,,,,,,,,,,,,,,,,,,,715,,,,,,,,,,,,,,,,,,,,,,,,,,,,,,,,,,,,,,,,,,,1163,,,,,,,,,,,,,,,,,,,,,,,,,,,,,,,,,,,,,1365,1347,1376,1369,1437,1445,1553,1693,1719,1994,2088,1799,1433,1768,1806,1870,1725,1824,1977,2105,2249,2000,2350,2357,2428,2522,2608,2759,3019,3192,3152,3131,3228,3289,3363,3431,3301,3192,3043,3067,2947,2844,2822,2697,2614,2658,2709,2694,2788,2835,2863,2895,2968,3130,3251,3374,3400,3460,3520
Angola,,,,,,,,,,,,,,,,,,,,,,,,,,,,,,,,,,,,,,,,,,,,,,,,,,,,,,,,,,,,,,,,,,,,,,,,,,,,,,,,,,,,,,,,,,,,,,,,,,,,,,,,,,,,,,,,,,,,,,,,,,,,,,,,,,,,,,,,1052,1076,1101,1126,1079,1148,1110,1197,1241,1225,1253,1396,1335,1380,1510,1596,1660,1727,1672,1691,1768,1728,1712,1789,1711,1073,954,941,960,958,961,923,862,808,790,779,694,760,853,853,868,853,821,585,579,622,675,714,748,760,770,782,876,881,951,1116,1292,1520,1684
Benin ,,,,,,,,,,,,,,,,,,,,,,,,,,,,,,,,,,,,,,,,,,,,,,,,,,,,,,,,,,,,,,,,,,,,,,,,,,,,,,,,,,,,,,,,,,,,,,,,,,,,,,,,,,,,,,,,,,,,,,,,,,,,,,,,,,,,,,,,1084,1063,1043,994,1002,982,962,941,956,970,978,987,932,952,993,1020,1032,1016,1029,1033,1027,1006,1065,1061,955,969,983,1010,1013,1063,1128,1156,1242,1152,1206,1257,1246,1190,1189,1128,1136,1153,1162,1148,1146,1165,1193,1222,1237,1254,1285,1305,1340,1348,1347,1341,1348,1368,1394
Botswana,,,,,,,,,,,,,,,,,,,,,,,,,,,,,,,,,,,,,,,,,,,,,,,,,,,,,,,,,,,,,,,,,,,,,,,,,,,,,,,,,,,,,,,,,,,,,,,,,,,,,,,,,,,,,,,,,,,,,,,,,,,,,,,,,,,,,,,,349,355,359,366,372,377,383,388,392,399,403,410,415,422,430,437,473,513,557,601,647,747,956,1123,1300,1223,1381,1358,1537,1613,1765,1858,1921,2144,2300,2387,2485,2619,2937,3216,3304,3360,3354,3311,3321,3367,3458,3589,3704,3845,4084,4211,4339,4429,4489,4481,4619,4728,4769
Burkina Faso,,,,,,,,,,,,,,,,,,,,,,,,,,,,,,,,,,,,,,,,,,,,,,,,,,,,,,,,,,,,,,,,,,,,,,,,,,,,,,,,,,,,,,,,,,,,,,,,,,,,,,,,,,,,,,,,,,,,,,,,,,,,,,,,,,,,,,,,474,487,500,512,526,539,554,568,583,598,609,630,665,652,662,682,679,731,746,752,745,765,786,735,710,670,652,684,746,736,731,744,742,715,708,780,878,838,880,842,807,859,852,817,800,808,841,855,882,908,899,923,929,966,980,1017,1040,1045,1063
Burundi,,,,,,,,,,,,,,,,,,,,,,,,,,,,,,,,,,,,,,,,,,,,,,,,,,,,,,,,,,,,,,,,,,,,,,,,,,,,,,,,,,,,,,,,,,,,,,,,,,,,,,,,,,,,,,,,,,,,,,,,,,,,,,,,,,,,,,,,360,374,379,388,402,408,416,424,428,445,444,372,397,407,420,425,433,462,447,434,540,571,519,554,542,535,566,622,600,583,603,642,625,630,614,672,684,695,703,697,705,723,706,685,654,567,517,518,529,509,496,492,499,477,483,470,475,475,479
Cameroon ,,,,,,,,,,,,,,,,,,,,,,,,,,,,,,,,,,,,,,,,,,,,,,,,,,,,,,,,,,,,,,,,,,,,,,,,,,,,,,,,,,,,,,,,,,,,,,,,,,,,,,,,,,,,,,,,,,,,,,,,,,,,,,,,,,,,,,,,671,687,704,720,737,754,771,788,805,822,832,829,840,857,872,874,898,905,946,973,982,990,1011,1003,1024,1052,1044,1070,1094,1120,1192,1351,1416,1471,1537,1622,1683,1550,1435,1268,1211,1132,1067,1005,955,962,985,1010,1035,1056,1075,1105,1149,1166,1182,1182,1192,1204,1212
Cape Verde ,,,,,,,,,,,,,,,,,,,,,,,,,,,,,,,,,,,,,,,,,,,,,,,,,,,,,,,,,,,,,,,,,,,,,,,,,,,,,,,,,,,,,,,,,,,,,,,,,,,,,,,,,,,,,,,,,,,,,,,,,,,,,,,,,,,,,,,,450,455,461,467,460,463,469,453,449,486,508,525,539,553,564,575,585,594,602,611,619,566,536,529,512,525,520,518,567,622,841,904,917,990,1011,1081,1094,1151,1166,1208,1233,1186,1144,1184,1242,1319,1388,1476,1565,1681,1776,1865,1941,2014,2085,2204,2426,2599,2735
Central African Republic ,,,,,,,,,,,,,,,,,,,,,,,,,,,,,,,,,,,,,,,,,,,,,,,,,,,,,,,,,,,,,,,,,,,,,,,,,,,,,,,,,,,,,,,,,,,,,,,,,,,,,,,,,,,,,,,,,,,,,,,,,,,,,,,,,,,,,,,,772,790,809,827,845,864,881,899,917,934,925,943,901,881,878,866,843,858,847,872,891,844,808,828,787,782,795,838,831,764,737,728,722,661,686,673,670,638,632,638,642,621,564,549,569,585,530,559,568,576,575,568,557,507,506,510,521,532,536
Chad ,,,,,,,,,,,,,,,,,,,,,,,,,,,,,,,,,,,,,,,,,,,,,,,,,,,,,,,,,,,,,,,,,,,,,,,,,,,,,,,,,,,,,,,,,,,,,,,,,,,,,,,,,,,,,,,,,,,,,,,,,,,,,,,,,,,,,,,,476,486,497,507,518,529,540,552,563,574,569,566,586,567,542,533,512,505,492,514,513,512,467,435,484,555,535,485,472,362,341,345,347,382,385,466,434,410,459,472,434,465,458,442,457,441,436,441,461,458,449,479,511,565,725,758,740,723,706
Comoro Islands ,,,,,,,,,,,,,,,,,,,,,,,,,,,,,,,,,,,,,,,,,,,,,,,,,,,,,,,,,,,,,,,,,,,,,,,,,,,,,,,,,,,,,,,,,,,,,,,,,,,,,,,,,,,,,,,,,,,,,,,,,,,,,,,,,,,,,,,,560,581,587,598,619,625,635,645,649,671,712,703,749,887,932,913,984,999,973,963,1009,1154,1032,889,1055,804,692,624,627,624,643,664,674,683,687,690,690,701,712,694,685,630,664,664,610,644,617,625,612,606,581,577,573,570,576,584,573,559,549
Congo 'Brazzaville',,,,,,,,,,,,,,,,,,,,,,,,,,,,,,,,,,,,,,,,,,,,,,,,,,,,,,,,,,,,,,,,,,,,,,,,,,,,,,,,,,,,,,,,,,,,,,,,,,,,,,,,,,,,,,,,,,,,,,,,,,,,,,,,,,,,,,,,1198,1222,1245,1267,1290,1313,1334,1356,1378,1399,1416,1430,1444,1458,1472,1486,1527,1569,1610,1653,1696,1786,1882,1981,2084,2191,2141,1909,1824,2043,2324,2725,2857,2913,3008,2787,2519,2460,2389,2402,2380,2363,2351,2254,2062,2081,2106,2040,2058,1935,2004,1989,2040,2005,2023,2120,2190,2100,2159
C√¥te d'Ivoire,,,,,,,,,,,,,,,,,,,,,,,,,,,,,,,,,,,,,,,,,,,,,,,,,,,,,,,,,,,,,,,,,,,,,,,,,,,,,,,,,,,,,,,,,,,,,,,,,,,,,,,,,,,,,,,,,,,,,,,,,,,,,,,,,,,,,,,,1041,1058,1075,1092,1110,1127,1144,1162,1179,1191,1256,1326,1335,1492,1688,1581,1628,1574,1730,1717,1808,1803,1811,1866,1839,1764,1893,1903,2009,1969,2041,2034,1964,1820,1696,1716,1705,1618,1533,1470,1307,1252,1214,1173,1154,1197,1252,1289,1321,1309,1246,1217,1173,1129,1120,1116,1100,1094,1095
Djibouti,,,,,,,,,,,,,,,,,,,,,,,,,,,,,,,,,,,,,,,,,,,,,,,,,,,,,,,,,,,,,,,,,,,,,,,,,,,,,,,,,,,,,,,,,,,,,,,,,,,,,,,,,,,,,,,,,,,,,,,,,,,,,,,,,,,,,,,,1500,1546,1554,1575,1622,1632,1651,1668,1665,1711,1771,1783,1759,1774,1758,1754,1761,1758,1746,1742,2069,2142,2150,2185,2080,2065,2154,1794,1724,1687,1661,1674,1676,1643,1802,1758,1717,1677,1597,1502,1448,1420,1384,1299,1257,1195,1122,1103,1092,1107,1103,1106,1111,1124,1131,1143,1174,1209,1254
Egypt ,600,500,475,475,475,475,,,,,,,,,,,,,,,,,,,,,,,,,,,,,,,,,,,,,,,,,,,,,,,,,,649,,,,,,,,,,,,,,,,,,,,,,,,,,,,,,,,,,,,,,,,,,,902,,,,,,,,,,,,,,,,,,,,,,,,,,,,,,,,,,,,,910,905,900,894,889,885,905,925,947,969,991,1031,1074,1120,1166,1213,1192,1151,1146,1201,1254,1283,1284,1294,1317,1421,1606,1767,1844,1930,2069,2076,2223,2322,2390,2471,2460,2465,2510,2528,2523,2381,2408,2395,2437,2496,2565,2647,2738,2843,2936,2979,3015,3052,3119,3200,3358,3534,3725
Equatorial Guinea ,,,,,,,,,,,,,,,,,,,,,,,,,,,,,,,,,,,,,,,,,,,,,,,,,,,,,,,,,,,,,,,,,,,,,,,,,,,,,,,,,,,,,,,,,,,,,,,,,,,,,,,,,,,,,,,,,,,,,,,,,,,,,,,,,,,,,,,,540,561,572,587,610,620,636,648,660,687,746,806,887,1006,1145,1285,1322,1393,1424,1364,1309,1186,1023,1065,1128,1294,1452,1458,1572,1541,1477,1424,1412,1395,1678,1399,1421,1466,1530,1550,1552,1581,1704,1762,1800,1999,2509,4177,4952,6806,7677,10478,11155,12825,16416,17506,17243,20361,22049
Eritrea and Ethiopia ,,,,,,,,,,,,,,,,,,,,,,,,,,,,,,,,,,,,,,,,,,,,,,,,,,,,,,,,,,,,,,,,,,,,,,,,,,,,,,,,,,,,,,,,,,,,,,,,,,,,,,,,,,,,,,,,,,,,,,,,,,,,,,,,,,,,,,,,390,395,399,415,408,422,428,417,423,427,440,453,462,513,527,547,557,569,566,575,595,607,624,630,623,610,611,613,597,627,648,633,615,627,600,552,577,615,608,600,574,530,489,542,537,554,594,605,580,597,611,639,629,587,643,698,749,805,867
Gabon,,,,,,,,,,,,,,,,,,,,,,,,,,,,,,,,,,,,,,,,,,,,,,,,,,,,,,,,,,,,,,,,,,,,,,,,,,,,,,,,,,,,,,,,,,,,,,,,,,,,,,,,,,,,,,,,,,,,,,,,,,,,,,,,,,,,,,,,3108,3204,3302,3401,3504,3611,3718,3827,3939,4052,4184,4639,4725,4832,4851,4860,5003,5130,5176,5518,5869,6332,6892,7289,9544,9406,12340,9529,6721,6659,6777,6541,6211,6105,6142,5818,5356,4546,4542,4637,4797,4971,4681,4666,4711,4815,4858,5002,5042,4052,3844,3820,3728,3732,3686,3711,3675,3801,3811
Gambia ,,,,,,,,,,,,,,,,,,,,,,,,,,,,,,,,,,,,,,,,,,,,,,,,,,,,,,,,,,,,,,,,,,,,,,,,,,,,,,,,,,,,,,,,,,,,,,,,,,,,,,,,,,,,,,,,,,,,,,,,,,,,,,,,,,,,,,,,607,627,632,640,660,664,671,678,678,697,722,815,781,762,787,846,955,957,939,1007,879,949,985,997,1157,1050,1134,1152,1058,1191,1039,997,1088,926,871,770,783,797,849,875,878,863,867,885,884,822,841,851,851,876,895,917,860,890,926,945,978,1010,1043
Ghana,,,,,,,,,,,,,,,,,,,,,,,,,,,,,,,,,,,,,,,,,,,,,,,,,,,,,,,,439,,,,,,,,,,,,,,,,,,,,,,,,,,,,,,,,,,,,,,,,,,,781,,,,,,,,,,,,,,,,,,,,,,,,,,,,,,,,,,,,,1122,1134,1084,1202,1317,1200,1236,1241,1187,1321,1378,1388,1416,1424,1414,1393,1354,1339,1318,1325,1424,1491,1402,1397,1455,1247,1178,1181,1260,1210,1157,1142,1042,933,960,978,988,1007,1034,1057,1062,1087,1099,1119,1122,1141,1168,1192,1221,1247,1265,1289,1317,1354,1400,1452,1514,1568,1650
Guinea ,,,,,,,,,,,,,,,,,,,,,,,,,,,,,,,,,,,,,,,,,,,,,,,,,,,,,,,,,,,,,,,,,,,,,,,,,,,,,,,,,,,,,,,,,,,,,,,,,,,,,,,,,,,,,,,,,,,,,,,,,,,,,,,,,,,,,,,,303,317,322,329,343,349,357,363,368,383,392,411,433,403,421,442,443,448,453,458,465,470,471,482,506,517,556,557,561,551,558,550,549,544,535,519,516,519,537,545,540,516,515,526,530,537,546,566,585,593,591,610,616,607,608,614,617,613,628
Guinea Bissau ,,,,,,,,,,,,,,,,,,,,,,,,,,,,,,,,,,,,,,,,,,,,,,,,,,,,,,,,,,,,,,,,,,,,,,,,,,,,,,,,,,,,,,,,,,,,,,,,,,,,,,,,,,,,,,,,,,,,,,,,,,,,,,,,,,,,,,,,289,306,323,342,408,389,439,465,476,478,501,532,562,583,642,685,728,771,794,833,872,833,883,882,912,925,902,823,915,918,754,871,903,811,824,850,824,793,805,790,797,818,803,794,796,812,832,858,602,636,680,667,620,604,605,614,606,609,617
Kenya,,,,,,,,,,,,,,,,,,,,,,,,,,,,,,,,,,,,,,,,,,,,,,,,,,,,,,,,,,,,,,,,,,,,,,,,,,,,,,,,,,,,,,,,,,,,,,,,,,,,,,,,,,,,,,,,,,,,,,,,,,,,,,,,,,,,,,,,651,771,667,633,687,718,736,738,725,720,726,686,701,714,758,743,812,826,857,881,915,941,956,970,981,942,943,991,1039,1036,1051,1033,1054,1021,1000,1006,1040,1065,1092,1105,1117,1097,1049,1021,1023,1042,1059,1056,1049,1038,1013,998,982,983,1000,1030,1066,1110,1098
Lesotho,,,,,,,,,,,,,,,,,,,,,,,,,,,,,,,,,,,,,,,,,,,,,,,,,,,,,,,,,,,,,,,,,,,,,,,,,,,,,,,,,,,,,,,,,,,,,,,,,,,,,,,,,,,,,,,,,,,,,,,,,,,,,,,,,,,,,,,,355,370,375,384,399,405,413,422,430,435,458,457,517,560,593,593,577,626,610,605,604,535,624,769,797,715,814,936,1054,962,1005,990,1001,892,944,953,948,972,1070,1159,1181,1201,1228,1246,1215,1341,1442,1485,1419,1434,1469,1504,1562,1598,1660,1668,1800,1888,1952
Liberia,,,,,,,,,,,,,,,,,,,,,,,,,,,,,,,,,,,,,,,,,,,,,,,,,,,,,,,,,,,,,,,,,,,,,,,,,,,,,,,,,,,,,,,,,,,,,,,,,,,,,,,,,,,,,,,,,,,,,,,,,,,,,,,,,,,,,,,,1055,1090,1097,1113,1147,1156,1170,1183,1187,1223,1230,1226,1209,1204,1231,1218,1408,1360,1384,1442,1492,1519,1530,1447,1508,1248,1263,1221,1235,1255,1162,1155,1091,1052,1012,969,968,964,935,918,1060,1255,1213,1193,1229,1262,1254,1161,1051,1009,990,983,1012,697,716,729,750,781,802
Libya ,550,,,,,,,,,,,,,,,,,,,,,,,,,,,,,,,,,,,,,,,,,,,,,,,,,,,,,,,,,,,,,,,,,,,,,,,,,,,,,,,,,,,,,,,,,,,,,,,,,,,,,,,,,,,,,,,,,,,,,,,,,,,,,,,,,,,,,,,857,925,963,949,915,1115,1314,1325,1410,1470,1830,1936,2473,3212,4366,5378,6107,6545,8395,9043,9115,8252,6979,6664,5379,5515,6540,6945,6991,7565,7272,5648,5234,4968,4397,3953,3586,3380,3303,3232,3087,2825,2637,2453,2363,2321,2381,2467,2322,2291,2313,2391,2367,2447,2509,2703,2818,2961,2994
Madagascar,,,,,,,,,,,,,,,,,,,,,,,,,,,,,,,,,,,,,,,,,,,,,,,,,,,,,,,,,,,,,,,,,,,,,,,,,,,,,,,,,,,,,,,,,,,,,,,,,,,,,,,,,,,,,,,,,,,,,,,,,,,,,,,,,,,,,,,,951,972,992,1012,1032,1052,1072,1092,1112,1132,1125,1126,1129,1096,1116,1088,1087,1123,1174,1192,1226,1246,1202,1144,1139,1126,1063,1061,1006,1075,1054,936,893,875,819,813,795,789,778,785,792,720,707,700,679,670,664,668,673,684,695,715,606,645,659,669,682,702,730
Malawi,,,,,,,,,,,,,,,,,,,,,,,,,,,,,,,,,,,,,,,,,,,,,,,,,,,,,,,,,,,,,,,,,,,,,,,,,,,,,,,,,,,,,,,,,,,,,,,,,,,,,,,,,,,,,,,,,,,,,,,,,,,,,,,,,,,,,,,,324,332,339,347,355,354,376,383,388,393,394,404,393,376,359,397,426,455,437,453,447,498,534,562,582,586,591,603,637,646,630,580,567,573,580,606,587,568,547,542,540,564,504,543,496,582,611,618,622,631,639,599,597,607,623,628,655,694,744
Mali,,,,,,,,,,,,,,,,,,,,,,,,,,,,,,,,,,,,,,,,,,,,,,,,,,,,,,,,,,,,,,,,,,,,,,,,,,,,,,,,,,,,,,,,,,,,,,,,,,,,,,,,,,,,,,,,,,,,,,,,,,,,,,,,,,,,,,,,457,464,472,480,488,496,504,512,521,530,534,527,519,543,557,553,564,571,579,564,586,593,609,581,554,616,684,720,691,844,733,697,646,663,680,683,714,714,700,756,747,726,771,737,740,775,791,825,846,882,894,978,995,1041,1039,1075,1103,1120,1145
Mauritania ,,,,,,,,,,,,,,,,,,,,,,,,,,,,,,,,,,,,,,,,,,,,,,,,,,,,,,,,,,,,,,,,,,,,,,,,,,,,,,,,,,,,,,,,,,,,,,,,,,,,,,,,,,,,,,,,,,,,,,,,,,,,,,,,,,,,,,,,464,477,490,504,517,531,545,558,572,586,625,722,697,645,827,928,920,938,1006,975,1059,1051,1047,966,1046,962,1020,989,966,991,1009,1026,984,1009,916,921,950,957,969,982,948,949,932,948,962,984,1021,1034,1045,1060,1085,1104,1120,1153,1183,1216,1322,1303,1299
Mauritius ,,,,,,,,,,,,,,,,,,,,,,,,,,,,,,,,,,,,,,,,,,,,,,,,,,,,,,,,,,,,,,,,,,,,,,,,,,,,,,,,,,,,,,,,,,,,,,,,,,,,,,,,,,,,,,,,,,,,,,,,,,,,,,,,,,,,,,,,2490,2540,2528,2530,2587,2587,2594,2613,2610,2685,2777,3319,3249,3629,3283,3302,3108,3180,2907,3006,2945,3047,3309,3680,4020,3969,4551,4768,4863,4943,4367,4550,4738,4708,4882,5179,5658,6184,6550,6783,7208,7597,7865,8287,8553,8759,9115,9553,10018,10437,10593,11232,11501,12183,12641,12958,13297,13741,14529
Morocco ,450,430,430,430,430,430,,,,,,,,,,,,,,,,,,,,,,,,,,,,,,,,,,,,,,,,,,,,,,,,,,563,,,,,,,,,,,,,,,,,,,,,,,,,,,,,,,,,,,,,,,,,,,710,,,,,,,,,,,,,,,,,,,,,,,,,,,,,,,,,,,,,1455,1458,1460,1468,1476,1483,1451,1420,1389,1358,1329,1341,1354,1367,1381,1394,1436,1480,1524,1570,1616,1665,1669,1694,1751,1831,1992,2050,2069,2122,2272,2169,2337,2262,2294,2374,2495,2378,2558,2555,2591,2708,2544,2466,2667,2441,2686,2573,2724,2672,2652,2771,2812,2934,3062,3104,3294,3319,3465
Mozambique,,,,,,,,,,,,,,,,,,,,,,,,,,,,,,,,,,,,,,,,,,,,,,,,,,,,,,,,,,,,,,,,,,,,,,,,,,,,,,,,,,,,,,,,,,,,,,,,,,,,,,,,,,,,,,,,,,,,,,,,,,,,,,,,,,,,,,,,1133,1155,1178,1199,1207,1259,1242,1246,1280,1323,1327,1337,1400,1321,1349,1351,1364,1425,1549,1693,1743,1816,1823,1873,1684,1404,1295,1263,1235,1215,1220,1217,1162,1063,1022,920,928,980,1067,1114,1114,1144,1032,1080,1075,1051,1089,1177,1289,1350,1338,1477,1551,1638,1727,1836,1959,2059,2160
Namibia ,,,,,,,,,,,,,,,,,,,,,,,,,,,,,,,,,,,,,,,,,,,,,,,,,,,,,,,,,,,,,,,,,,,,,,,,,,,,,,,,,,,,,,,,,,,,,,,,,,,,,,,,,,,,,,,,,,,,,,,,,,,,,,,,,,,,,,,,2160,2176,2191,2223,2292,2310,2339,2370,2376,2451,2616,2579,2869,3076,3486,3626,3668,3430,3369,3396,3321,3314,3387,3401,3425,3334,3389,3505,3658,3703,3767,3825,3789,3577,3425,3341,3344,3339,3277,3364,3141,3229,3444,3284,3415,3467,3483,3543,3581,3630,3661,3660,3703,3789,3992,4048,4292,4484,4571
Niger,,,,,,,,,,,,,,,,,,,,,,,,,,,,,,,,,,,,,,,,,,,,,,,,,,,,,,,,,,,,,,,,,,,,,,,,,,,,,,,,,,,,,,,,,,,,,,,,,,,,,,,,,,,,,,,,,,,,,,,,,,,,,,,,,,,,,,,,617,630,642,654,667,679,692,704,717,729,761,777,841,905,888,935,904,889,877,832,839,867,804,652,693,659,648,682,756,791,810,801,772,740,600,596,608,572,589,574,547,544,493,484,487,483,483,480,512,491,467,482,479,482,460,481,490,488,514
Nigeria,,,,,,,,,,,,,,,,,,,,,,,,,,,,,,,,,,,,,,,,,,,,,,,,,,,,,,,,,,,,,,,,,,,,,,,,,,,,,,,,,,,,,,,,,,,,,,,,,,,,,,,,,,,,,,,,,,,,,,,,,,,,,,,,,,,,,,,,753,792,830,831,867,865,821,830,797,808,820,824,846,899,910,944,887,728,699,861,1094,1188,1197,1262,1367,1287,1385,1393,1272,1320,1305,1164,1119,1023,958,1017,1010,976,1046,1085,1112,1149,1150,1146,1111,1113,1156,1161,1154,1139,1161,1170,1161,1258,1305,1346,1400,1468,1524
Rwanda,,,,,,,,,,,,,,,,,,,,,,,,,,,,,,,,,,,,,,,,,,,,,,,,,,,,,,,,,,,,,,,,,,,,,,,,,,,,,,,,,,,,,,,,,,,,,,,,,,,,,,,,,,,,,,,,,,,,,,,,,,,,,,,,,,,,,,,,547,567,574,584,604,610,620,628,631,652,656,625,695,611,525,548,570,594,618,666,717,705,687,688,700,806,766,779,827,876,952,982,1030,1057,983,1000,1025,983,918,907,877,823,859,758,456,707,668,653,677,714,742,775,826,814,825,861,898,943,1020
S√£o Tom√© and Principe ,,,,,,,,,,,,,,,,,,,,,,,,,,,,,,,,,,,,,,,,,,,,,,,,,,,,,,,,,,,,,,,,,,,,,,,,,,,,,,,,,,,,,,,,,,,,,,,,,,,,,,,,,,,,,,,,,,,,,,,,,,,,,,,,,,,,,,,,820,818,817,817,850,764,806,799,875,784,867,933,995,1055,1112,1165,1233,1286,1337,1389,1440,1483,1423,1355,1356,1421,1497,1613,1667,1808,2009,1421,1755,1568,1406,1487,1471,1409,1401,1392,1391,1355,1327,1307,1300,1284,1268,1243,1232,1226,1225,1235,1255,1295,1332,1365,1410,1446,1484
Senegal ,,,,,,,,,,,,,,,,,,,,,,,,,,,,,,,,,,,,,,,,,,,,,,,,,,,,,,,,,,,,,,,,,,,,,,,,,,,,,,,,,,,,,,,,,,,,,,,,,,,,,,,,,,,,,,,,,,,,,,,,,,,,,,,,,,,,,,,,1259,1281,1303,1324,1346,1367,1388,1409,1429,1448,1445,1475,1487,1507,1499,1511,1508,1449,1499,1362,1435,1390,1436,1315,1329,1396,1487,1403,1306,1354,1268,1219,1360,1351,1248,1255,1274,1285,1308,1242,1254,1210,1199,1139,1138,1163,1187,1212,1245,1274,1313,1337,1315,1363,1402,1440,1434,1460,1456
Seychelles,,,,,,,,,,,,,,,,,,,,,,,,,,,,,,,,,,,,,,,,,,,,,,,,,,,,,,,,,,,,,,,,,,,,,,,,,,,,,,,,,,,,,,,,,,,,,,,,,,,,,,,,,,,,,,,,,,,,,,,,,,,,,,,,,,,,,,,,1912,2019,2050,2084,2174,2164,2143,2186,2200,2254,2367,2176,2306,2458,2488,2435,2434,2381,2522,2455,2570,2910,3026,3251,3245,3307,3583,3787,4009,4615,4444,4095,3981,3879,3989,4324,4372,4549,4690,4899,5169,5246,5542,5837,5639,5605,6102,6780,7101,6809,6367,6149,6151,5728,5496,5746,5814,6021,6109
Sierra Leone,,,,,,,,,,,,,,,,,,,,,,,,,,,,,,,,,,,,,,,,,,,,,,,,,,,,,,,,,,,,,,,,,,,,,,,,,,,,,,,,,,,,,,,,,,,,,,,,,,,,,,,,,,,,,,,,,,,,,,,,,,,,,,,,,,,,,,,,656,685,697,714,744,760,777,795,807,841,856,858,884,886,883,932,976,955,1032,1109,1129,1101,1072,1087,1113,1125,1070,1065,1048,1087,1116,1162,1157,1117,1108,1054,995,1023,1026,1025,1026,919,845,855,865,766,569,454,441,404,409,458,553,572,596,624,640,666,686
Somalia ,,,,,,,,,,,,,,,,,,,,,,,,,,,,,,,,,,,,,,,,,,,,,,,,,,,,,,,,,,,,,,,,,,,,,,,,,,,,,,,,,,,,,,,,,,,,,,,,,,,,,,,,,,,,,,,,,,,,,,,,,,,,,,,,,,,,,,,,1057,1098,1112,1132,1175,1191,1211,1232,1241,1287,1277,1311,1341,1364,1191,1088,1216,1258,1252,1071,1138,1141,1228,1176,914,1202,1166,1420,1389,1181,1036,1112,1151,1015,1014,1055,1051,1068,1064,1086,1081,1006,905,907,910,917,920,895,868,858,848,835,848,861,879,897,918,950,978
South Africa ,,,,,,415,,,,,,,,,,,,,,,,,,,,,,,,,,,,,,,,,,,,,,,,,,,,,,,,,,858,,,,,,,,,,,,,,,,,,,,,,,,,,,,,,,,,,,,,,,,,,,1602,,,,,,,,,,,,,,,,,,,,,,,,,,,,,,,,,,,,,2535,2591,2619,2675,2763,2830,2914,2951,2939,2995,3041,3092,3179,3321,3450,3559,3615,3760,3819,3946,4045,4135,4109,4175,4299,4271,4267,4155,4174,4232,4390,4480,4323,4112,4186,4006,3912,3897,3964,3956,3834,3716,3566,3534,3584,3646,3752,3801,3777,3808,3890,3950,4048,4130,4156,4316,4503,4689,4793
Sudan ,,,,,,,,,,,,,,,,,,,,,,,,,,,,,,,,,,,,,,,,,,,,,,,,,,,,,,,,,,,,,,,,,,,,,,,,,,,,,,,,,,,,,,,,,,,,,,,,,,,,,,,,,,,,,,,,,,,,,,,,,,,,,,,,,,,,,,,,821,837,855,871,889,907,976,936,949,1033,1024,996,1037,980,944,984,947,893,923,954,888,923,878,780,833,910,1044,1165,1108,956,931,920,1003,958,881,799,807,808,804,849,760,786,800,801,796,798,819,879,905,951,1017,1052,1089,1145,1187,1239,1350,1457,1524
Swaziland,,,,,,,,,,,,,,,,,,,,,,,,,,,,,,,,,,,,,,,,,,,,,,,,,,,,,,,,,,,,,,,,,,,,,,,,,,,,,,,,,,,,,,,,,,,,,,,,,,,,,,,,,,,,,,,,,,,,,,,,,,,,,,,,,,,,,,,,721,745,751,762,787,793,803,814,817,843,935,1028,1214,1252,1399,1577,1602,1709,1588,1612,2036,2015,2201,2258,2443,2462,2472,2473,2462,2421,2397,2481,2548,2474,2437,2497,2494,2607,2429,2478,2435,2385,2324,2329,2395,2467,2499,2536,2564,2610,2630,2647,2700,2752,2804,2865,2953,3065,3150
Tanzania ,,,,,,,,,,,,,,,,,,,,,,,,,,,,,,,,,,,,,,,,,,,,,,,,,,,,,,,,,,,,,,,,,,,,,,,,,,,,,,,,,,,,,,,,,,,,,,,,,,,,,,,,,,,,,,,,,,,,,,,,,,,,,,,,,,,,,,,,424,466,464,437,461,460,454,452,444,453,459,441,468,483,494,497,544,549,561,554,568,574,593,593,588,600,625,623,623,613,601,577,568,549,546,529,530,539,544,546,549,545,532,520,508,509,521,504,509,513,525,544,569,588,614,646,675,695,744
Togo,,,,,,,,,,,,,,,,,,,,,,,,,,,,,,,,,,,,,,,,,,,,,,,,,,,,,,,,,,,,,,,,,,,,,,,,,,,,,,,,,,,,,,,,,,,,,,,,,,,,,,,,,,,,,,,,,,,,,,,,,,,,,,,,,,,,,,,,574,584,593,602,611,621,630,639,647,656,698,728,736,754,841,932,991,1019,1043,1126,1075,1126,1138,1067,1087,1056,1026,1057,1138,1178,1097,998,928,847,842,851,847,829,836,837,800,768,714,600,700,708,741,678,644,644,614,601,611,626,623,614,621,615,606
Tunisia ,550,,,,,430,,,,,,,,,,,,,,,,,,,,,,,,,,,,,,,,,,,,,,,,,,,,,,,,,,633,,,,,,,,,,,,,,,,,,,,,,,,,,,,,,,,,,,,,,,,,,,883,,,,,,,,,,,,,,,,,,,,,,,,,,,,,,,,,,,,,1115,1106,1220,1244,1249,1164,1223,1159,1291,1217,1343,1436,1379,1556,1589,1653,1654,1605,1735,1760,1827,1982,2287,2221,2343,2446,2569,2592,2700,2811,2944,3030,2957,3039,3068,3161,3037,3164,3099,3151,3335,3400,3597,3610,3662,3691,3895,4049,4190,4394,4550,4722,4752,4966,5210,5370,5598,5892,6103
Uganda ,,,,,,,,,,,,,,,,,,,,,,,,,,,,,,,,,,,,,,,,,,,,,,,,,,,,,,,,,,,,,,,,,,,,,,,,,,,,,,,,,,,,,,,,,,,,,,,,,,,,,,,,,,,,,,,,,,,,,,,,,,,,,,,,,,,,,,,,687,642,664,675,648,672,690,700,685,700,713,686,694,751,785,779,803,822,818,881,867,869,856,835,817,780,765,757,697,606,572,579,610,636,563,556,538,550,566,583,585,570,567,593,609,663,701,716,728,759,773,787,815,823,835,856,916,958,1008
Zaire (Congo Kinshasa),,,,,,,,,,,,,,,,,,,,,,,,,,,,,,,,,,,,,,,,,,,,,,,,,,,,,,,,,,,,,,,,,,,,,,,,,,,,,,,,,,,,,,,,,,,,,,,,,,,,,,,,,,,,,,,,,,,,,,,,,,,,,,,,,,,,,,,,570,624,668,693,720,734,768,776,738,747,748,653,767,783,747,738,768,738,746,792,768,795,775,819,823,761,697,681,623,603,598,596,577,570,585,570,579,576,561,540,510,452,392,328,305,295,287,268,258,239,218,207,207,213,220,230,236,243,249
Zambia ,,,,,,,,,,,,,,,,,,,,,,,,,,,,,,,,,,,,,,,,,,,,,,,,,,,,,,,,,,,,,,,,,,,,,,,,,,,,,,,,,,,,,,,,,,,,,,,,,,,,,,,,,,,,,,,,,,,,,,,,,,,,,,,,,,,,,,,,661,688,715,743,772,736,803,817,776,915,960,938,905,902,996,1147,1056,1107,1092,1056,1073,1042,1105,1062,1114,1041,1071,990,967,910,911,936,877,828,796,784,762,755,777,762,806,783,749,779,658,627,653,660,633,632,640,656,665,689,715,742,776,812,845
Zimbabwe,,,,,,,,,,,,,,,,,,,,,,,,,,,,,,,,,,,,,,,,,,,,,,,,,,,,,,,,,,,,,,,,,,,,,,,,,,,,,,,,,,,,,,,,,,,,,,,,,,,,,,,,,,,,,,,,,,,,,,,,,,,,,,,,,,,,,,,,701,722,724,760,772,808,892,924,906,925,938,956,939,901,953,984,967,1015,999,1086,1282,1353,1423,1432,1427,1402,1357,1221,1232,1211,1295,1407,1405,1374,1297,1335,1322,1257,1326,1368,1355,1391,1233,1220,1278,1272,1385,1403,1427,1401,1320,1279,1203,1082,1048,1015,958,900,779
Total 3 Small African countries,,,,,,,,,,,,,,,,,,,,,,,,,,,,,,,,,,,,,,,,,,,,,,,,,,,,,,,,,,,,,,,,,,,,,,,,,,,,,,,,,,,,,,,,,,,,,,,,,,,,,,,,,,,,,,,,,,,,,,,,,,,,,,,,,,,,,,,,752,774,791,827,857,858,897,908,912,929,955,956,965,965,972,970,972,965,951,947,937,998,1086,1173,1244,1424,1533,1428,1341,1260,1208,1158,1118,1108,1129,1148,1166,1196,1215,1233,1243,1211,1175,1153,1142,1141,1175,1178,1188,1192,1197,1211,1210,1209,1229,1255,1275,1314,1350
Total Africa ,472,425,414,422,421,420,,,,,,,,,,,,,,,,,,,,,,,,,,,,,,,,,,,,,,,,,,,,,,,,,,500,,,,,,,,,,,,,,,,,,,,,,,,,,,,,,601,,,,,,,,,,,,,637,,,,,,,,,,,,,,,,,,,,,,,,,,,813,,,,,,,,,,889,912,927,940,964,975,992,1005,1004,1035,1055,1053,1070,1118,1149,1181,1184,1177,1204,1265,1335,1360,1374,1387,1414,1395,1450,1470,1465,1491,1515,1485,1486,1450,1440,1444,1435,1419,1438,1444,1425,1397,1362,1340,1337,1344,1386,1400,1418,1431,1447,1471,1483,1518,1558,1604,1664,1724,1780
World Average,467,453,566,596,615,666,,,,,,,,,,,,,,,,,,,,,,,,,,,,,,,,,,,,,,,,,,,,,,,,,,870,,,,,,,,,,,,,,,,,,,,,,,,,,,,,,1261,,,,,,,,,,,,,1524,,,,,,,,,,,,,,,,,,,,,,,,,,,1958,,,,,,,,,,2111,2197,2258,2329,2363,2467,2534,2578,2607,2675,2773,2831,2914,2978,3130,3228,3335,3390,3505,3624,3729,3803,3904,4083,4099,4087,4213,4309,4422,4500,4512,4523,4501,4541,4668,4748,4833,4932,5056,5130,5150,5137,5165,5200,5304,5446,5552,5690,5709,5833,6038,6132,6262,6469,6738,6960,7238,7468,7614